,Year,Taxon,Importer,Exporter,Origin,Term,Unit,Quantity,Region,Number,Purpose
3,1977,Manis pentadactyla,AU,CN,,live,,2.0,Asian,2.0,whole
4,1978,Manis crassicaudata,US,JP,XX,skins,,298.0,Asian,298.0,skins
5,1978,Manis javanica,US,JP,XX,skins,,1016.0,Asian,1016.0,skins
6,1978,Manis javanica,US,TH,,live,,1.0,Asian,1.0,whole
7,1978,Manis pentadactyla,AU,SG,,leather products (small),,1.0,Asian,1.0,skins
8,1978,Manis pentadactyla,US,CN,,skins,,350.0,Asian,350.0,skins
9,1978,Manis pentadactyla,US,JP,XX,skins,,3331.0,Asian,3331.0,skins
13,1979,Manis crassicaudata,US,JP,CN,skins,,70.0,Asian,70.0,skins
14,1979,Manis crassicaudata,US,JP,XX,skins,,5120.0,Asian,5120.0,skins
18,1979,Manis javanica,US,ID,,skins,,973.0,Asian,973.0,skins
19,1979,Manis javanica,US,JP,ID,skins,,1489.0,Asian,1489.0,skins
20,1979,Manis javanica,US,JP,XX,skins,,2448.0,Asian,2448.0,skins
21,1979,Manis javanica,US,MY,,skins,,499.0,Asian,499.0,skins
22,1979,Manis pentadactyla,US,JP,ID,skins,,1490.0,Asian,1490.0,skins
23,1979,Manis pentadactyla,US,JP,XX,skins,,1247.0,Asian,1247.0,skins
24,1979,Manis pentadactyla,US,TW,CN,skins,,500.0,Asian,500.0,skins
25,1980,Manis spp.,US,TW,XX,leather products (small),,1.0,Asian,1.0,skins
26,1980,Manis crassicaudata,US,JP,ID,skins,,1553.0,Asian,1553.0,skins
27,1980,Manis crassicaudata,US,JP,SG,skins,,385.0,Asian,385.0,skins
28,1980,Manis crassicaudata,US,JP,XX,skins,,472.0,Asian,472.0,skins
29,1980,Manis crassicaudata,US,JP,XX,skins,,685.0,Asian,685.0,skins
30,1980,Manis crassicaudata,US,JP,,skins,,400.0,Asian,400.0,skins
31,1980,Manis javanica,US,ID,,skins,,750.0,Asian,750.0,skins
32,1980,Manis javanica,US,JP,ID,live,,450.0,Asian,450.0,whole
33,1980,Manis javanica,US,JP,ID,skins,,5436.0,Asian,5436.0,skins
34,1980,Manis javanica,US,JP,MY,skins,,4331.0,Asian,4331.0,skins
35,1980,Manis javanica,US,JP,SG,skins,,757.0,Asian,757.0,skins
36,1980,Manis javanica,US,JP,XX,skins,m,178.0,Asian,149.0,skins
37,1980,Manis javanica,US,JP,XX,skins,,908.0,Asian,908.0,skins
38,1980,Manis javanica,US,JP,XX,skins,,2989.0,Asian,2989.0,skins
39,1980,Manis javanica,US,JP,XX,skin pieces,m,184.0,Asian,154.0,skins
40,1980,Manis javanica,US,JP,,skins,,5582.0,Asian,5582.0,skins
41,1980,Manis javanica,US,SG,TH,skins,,100.0,Asian,100.0,skins
42,1980,Manis javanica,US,SG,XX,skins,,800.0,Asian,800.0,skins
43,1980,Manis javanica,US,TH,,leather products (small),,12.0,Asian,6.0,skins
44,1980,Manis javanica,US,TH,,skins,,14.0,Asian,14.0,skins
45,1980,Manis javanica,US,TW,MY,skins,,300.0,Asian,300.0,skins
46,1980,Manis javanica,US,XX,KR,skins,,1.0,Asian,1.0,skins
47,1980,Manis pentadactyla,US,JP,ID,skins,,6471.0,Asian,6471.0,skins
48,1980,Manis pentadactyla,US,JP,ID,skin pieces,m,50.0,Asian,42.0,skins
49,1980,Manis pentadactyla,US,JP,TW,skins,,48.0,Asian,48.0,skins
50,1980,Manis pentadactyla,US,JP,XX,skins,cm,122.0,Asian,2.0,skins
51,1980,Manis pentadactyla,US,JP,XX,skins,,550.0,Asian,550.0,skins
52,1980,Manis pentadactyla,US,JP,,skins,,1382.0,Asian,1382.0,skins
53,1980,Manis pentadactyla,US,TW,ID,skins,,800.0,Asian,800.0,skins
54,1980,Manis pentadactyla,US,TW,,skins,,550.0,Asian,550.0,skins
55,1981,Manis spp.,HK,XX,,bodies,,11.0,Other,11.0,whole
56,1981,Manis spp.,HK,XX,,live,,29.0,Other,29.0,whole
57,1981,Manis spp.,HK,XX,,skin pieces,cartons,1.0,Other,11.0,skins
58,1981,Manis spp.,US,PH,,bodies,,1.0,Asian,1.0,whole
59,1981,Manis spp.,US,TH,XX,shoes,,1.0,Asian,1.0,trophy
60,1981,Manis spp.,US,TH,,shoes,,6.0,Asian,6.0,trophy
61,1981,Manis spp.,US,TH,,leather items,,4.0,Asian,4.0,skins
62,1981,Manis spp.,US,XX,TH,shoes,,4.0,Asian,4.0,trophy
63,1981,Manis spp.,US,XX,TH,leather items,,4.0,Asian,4.0,skins
64,1981,Manis crassicaudata,US,JP,IN,skins,,252.0,Asian,252.0,skins
65,1981,Manis crassicaudata,US,JP,MY,skins,,673.0,Asian,673.0,skins
66,1981,Manis crassicaudata,US,JP,SG,skins,,76.0,Asian,76.0,skins
67,1981,Manis crassicaudata,US,JP,,skins,cm,28032.0,Asian,234.0,skins
68,1981,Manis crassicaudata,US,JP,,skins,,884.0,Asian,884.0,skins
70,1981,Manis javanica,JP,ID,,skins,,26.0,Asian,26.0,skins
71,1981,Manis javanica,JP,TH,,skins,kg,170.0,Asian,174.0,skins
72,1981,Manis javanica,JP,TH,,skins,,6428.0,Asian,6428.0,skins
79,1981,Manis javanica,US,JP,ID,skins,,2763.0,Asian,2763.0,skins
80,1981,Manis javanica,US,JP,MY,skins,cm,19794.0,Asian,165.0,skins
81,1981,Manis javanica,US,JP,MY,skins,,2980.0,Asian,2980.0,skins
82,1981,Manis javanica,US,JP,PH,skins,,300.0,Asian,300.0,skins
83,1981,Manis javanica,US,JP,TH,skins,,300.0,Asian,300.0,skins
84,1981,Manis javanica,US,JP,XX,skins,,400.0,Asian,400.0,skins
85,1981,Manis javanica,US,JP,,skins,cm,29904.0,Asian,250.0,skins
86,1981,Manis javanica,US,JP,,skins,,8325.0,Asian,8325.0,skins
88,1981,Manis javanica,US,SG,ID,skins,,6250.0,Asian,6250.0,skins
89,1981,Manis javanica,US,SG,MY,skins,,500.0,Asian,500.0,skins
90,1981,Manis javanica,US,SG,TH,skins,,13950.0,Asian,13950.0,skins
91,1981,Manis javanica,US,SG,XX,skins,,5200.0,Asian,5200.0,skins
92,1981,Manis javanica,US,SG,,skins,,3300.0,Asian,3300.0,skins
93,1981,Manis javanica,US,TH,,skins,,1.0,Asian,1.0,skins
94,1981,Manis javanica,US,TW,MY,skins,,1150.0,Asian,1150.0,skins
95,1981,Manis javanica,US,XX,,skins,,1600.0,Asian,1600.0,skins
96,1981,Manis pentadactyla,CA,JP,,skins,,3.0,Asian,3.0,skins
99,1981,Manis pentadactyla,IT,TW,,skins,,185.0,Asian,185.0,skins
100,1981,Manis pentadactyla,JP,TH,,skins,,779.0,Asian,779.0,skins
104,1981,Manis pentadactyla,US,JP,CN,skins,cm,10060.0,Asian,84.0,skins
105,1981,Manis pentadactyla,US,JP,CN,skins,,805.0,Asian,805.0,skins
106,1981,Manis pentadactyla,US,JP,ID,skins,,760.0,Asian,760.0,skins
107,1981,Manis pentadactyla,US,JP,,skins,cm,60623.0,Asian,506.0,skins
108,1981,Manis pentadactyla,US,JP,,skins,,8367.0,Asian,8367.0,skins
112,1981,Manis pentadactyla,US,TW,CN,skins,,900.0,Asian,900.0,skins
113,1981,Manis pentadactyla,US,TW,ID,skins,cm,11714.0,Asian,98.0,skins
114,1981,Manis pentadactyla,US,TW,ID,skins,,2200.0,Asian,2200.0,skins
115,1981,Manis pentadactyla,US,TW,IN,skins,,300.0,Asian,300.0,skins
116,1981,Manis pentadactyla,US,TW,MY,skins,,1436.0,Asian,1436.0,skins
117,1981,Manis pentadactyla,US,TW,SG,skins,,1.0,Asian,1.0,skins
118,1981,Manis pentadactyla,US,TW,XX,skins,,450.0,Asian,450.0,skins
119,1981,Manis pentadactyla,US,TW,,skins,cm,18921.0,Asian,158.0,skins
120,1981,Manis pentadactyla,US,TW,,skins,,2000.0,Asian,2000.0,skins
121,1981,Manis pentadactyla,US,XX,MX,leather items,,1.0,Asian,1.0,skins
122,1981,Manis pentadactyla,US,XX,TH,leather items,,1.0,Asian,1.0,skins
126,1982,Manis spp.,US,PH,,skins,,1218.0,Asian,1218.0,skins
127,1982,Manis spp.,US,TH,XX,leather products (small),,1.0,Asian,1.0,skins
128,1982,Manis spp.,US,TH,XX,leather items,,1.0,Asian,1.0,skins
129,1982,Manis spp.,US,TH,,leather items,,2.0,Asian,2.0,skins
130,1982,Manis spp.,US,XX,,leather items,,1.0,Other,1.0,skins
132,1982,Manis crassicaudata,US,JP,XX,skins,cm,11840.0,Asian,99.0,skins
135,1982,Manis javanica,FR,JP,,skins,,5.0,Asian,5.0,skins
136,1982,Manis javanica,IT,SG,XX,skins,,1200.0,Asian,1200.0,skins
137,1982,Manis javanica,JP,PH,,skins,,4212.0,Asian,4212.0,skins
138,1982,Manis javanica,JP,SG,ID,skins,,200.0,Asian,200.0,skins
139,1982,Manis javanica,JP,SG,TH,skins,,14580.0,Asian,14580.0,skins
140,1982,Manis javanica,JP,SG,,skins,,240.0,Asian,240.0,skins
141,1982,Manis javanica,JP,TH,,skins,,1167.0,Asian,1167.0,skins
146,1982,Manis javanica,US,JP,ID,skins,,906.0,Asian,906.0,skins
147,1982,Manis javanica,US,JP,MY,skins,cm,5210.0,Asian,44.0,skins
148,1982,Manis javanica,US,JP,MY,skins,,4058.0,Asian,4058.0,skins
149,1982,Manis javanica,US,JP,SG,skins,,1285.0,Asian,1285.0,skins
150,1982,Manis javanica,US,JP,XX,skins,cm,36.0,Asian,1.0,skins
151,1982,Manis javanica,US,JP,XX,skins,,7408.0,Asian,7408.0,skins
152,1982,Manis javanica,US,JP,,skins,,500.0,Asian,500.0,skins
155,1982,Manis javanica,US,SG,TH,skins,,3545.0,Asian,3545.0,skins
156,1982,Manis javanica,US,SG,XX,skins,,500.0,Asian,500.0,skins
157,1982,Manis javanica,US,TH,,skins,,600.0,Asian,600.0,skins
158,1982,Manis javanica,US,XX,TH,skin pieces,,1.0,Asian,2.0,skins
160,1982,Manis pentadactyla,FR,JP,XX,skins,cm,24.0,Asian,1.0,skins
163,1982,Manis pentadactyla,JP,CN,,live,,5.0,Asian,5.0,whole
164,1982,Manis pentadactyla,JP,CN,,skins,,350.0,Asian,350.0,skins
169,1982,Manis pentadactyla,US,ID,,bodies,,1.0,Asian,1.0,whole
170,1982,Manis pentadactyla,US,JP,ID,skins,,425.0,Asian,425.0,skins
171,1982,Manis pentadactyla,US,JP,XX,skins,,837.0,Asian,837.0,skins
177,1982,Manis pentadactyla,US,TH,,skins,,150.0,Asian,150.0,skins
178,1982,Manis pentadactyla,US,TW,CN,skins,,550.0,Asian,550.0,skins
179,1982,Manis pentadactyla,US,TW,ID,skins,,500.0,Asian,500.0,skins
180,1982,Manis pentadactyla,US,TW,SG,skins,,150.0,Asian,150.0,skins
181,1982,Manis pentadactyla,US,TW,,skins,,1250.0,Asian,1250.0,skins
186,1983,Manis spp.,US,PH,,skins,,4.0,Asian,4.0,skins
187,1983,Manis spp.,US,TH,XX,leather products (small),,2.0,Asian,1.0,skins
188,1983,Manis spp.,US,TH,XX,shoes,,1.0,Asian,1.0,trophy
189,1983,Manis spp.,US,TH,,shoes,,2.0,Asian,2.0,trophy
190,1983,Manis spp.,US,XX,,shoes,,1.0,Other,1.0,trophy
191,1983,Manis spp.,US,XX,,shoes,,4.0,Other,4.0,trophy
192,1983,Manis crassicaudata,FR,JP,XX,skins,,6.0,Asian,6.0,skins
193,1983,Manis crassicaudata,JP,SG,TH,skins,,700.0,Asian,700.0,skins
199,1983,Manis javanica,CH,JP,XX,leather,pieces,8.0,Asian,8.0,skins
203,1983,Manis javanica,FR,JP,XX,leather,pieces,12.0,Asian,12.0,skins
208,1983,Manis javanica,IT,SG,TH,skins,,600.0,Asian,600.0,skins
209,1983,Manis javanica,JP,SG,TH,skins,,350.0,Asian,350.0,skins
210,1983,Manis javanica,JP,TH,,skins,,310.0,Asian,310.0,skins
225,1983,Manis javanica,US,JP,ID,skins,,448.0,Asian,448.0,skins
226,1983,Manis javanica,US,JP,IN,skins,,250.0,Asian,250.0,skins
227,1983,Manis javanica,US,JP,MY,skins,,422.0,Asian,422.0,skins
228,1983,Manis javanica,US,JP,PH,skins,,8.0,Asian,8.0,skins
229,1983,Manis javanica,US,JP,PH,skin pieces,,16.0,Asian,17.0,skins
230,1983,Manis javanica,US,JP,SG,skins,,200.0,Asian,200.0,skins
231,1983,Manis javanica,US,JP,TH,skins,,200.0,Asian,200.0,skins
232,1983,Manis javanica,US,JP,XX,leather,pieces,800.0,Asian,800.0,skins
233,1983,Manis javanica,US,JP,XX,skins,cm,30.0,Asian,1.0,skins
234,1983,Manis javanica,US,JP,XX,skins,m2,59.0,Asian,50.0,skins
235,1983,Manis javanica,US,JP,XX,skins,m,66.0,Asian,55.0,skins
236,1983,Manis javanica,US,JP,XX,skins,,3569.0,Asian,3569.0,skins
237,1983,Manis javanica,US,JP,,skins,,835.0,Asian,835.0,skins
244,1983,Manis javanica,US,SG,TH,shoes,,100.0,Asian,100.0,trophy
245,1983,Manis javanica,US,SG,TH,skins,,1750.0,Asian,1750.0,skins
246,1983,Manis javanica,US,SG,,shoes,,7.0,Asian,7.0,trophy
247,1983,Manis javanica,US,SG,,skins,,2556.0,Asian,2556.0,skins
248,1983,Manis javanica,US,TH,XX,shoes,,1.0,Asian,1.0,trophy
249,1983,Manis javanica,US,TH,,shoes,,3.0,Asian,3.0,trophy
250,1983,Manis javanica,US,TH,,skins,,150.0,Asian,150.0,skins
251,1983,Manis javanica,US,XX,SG,skin pieces,,900.0,Asian,919.0,skins
252,1983,Manis javanica,US,XX,TH,skins,,83.0,Asian,83.0,skins
254,1983,Manis pentadactyla,CA,JP,XX,skins,,12.0,Asian,12.0,skins
257,1983,Manis pentadactyla,FR,JP,XX,skins,,1.0,Asian,1.0,skins
258,1983,Manis pentadactyla,JP,CN,,live,,5.0,Asian,5.0,whole
259,1983,Manis pentadactyla,JP,SG,TH,skins,,800.0,Asian,800.0,skins
262,1983,Manis pentadactyla,US,CN,,live,,4.0,Asian,4.0,whole
263,1983,Manis pentadactyla,US,JP,BO,leather items,,3.0,Asian,3.0,skins
264,1983,Manis pentadactyla,US,JP,ID,leather products (small),,8.0,Asian,4.0,skins
265,1983,Manis pentadactyla,US,JP,ID,leather items,,12.0,Asian,12.0,skins
266,1983,Manis pentadactyla,US,JP,TH,skins,kg,42.0,Asian,59.0,skins
267,1983,Manis pentadactyla,US,JP,XX,skins,,334.0,Asian,334.0,skins
268,1983,Manis pentadactyla,US,JP,XX,leather items,,4.0,Asian,4.0,skins
273,1983,Manis pentadactyla,US,TW,SG,skins,,1000.0,Asian,1000.0,skins
274,1983,Manis pentadactyla,US,TW,XX,leather products (small),,41.0,Asian,21.0,skins
275,1983,Manis pentadactyla,US,TW,XX,skins,,300.0,Asian,300.0,skins
276,1983,Manis pentadactyla,US,TW,XX,leather items,,40.0,Asian,40.0,skins
277,1983,Manis pentadactyla,US,TW,XX,skin pieces,,231.0,Asian,321.0,skins
278,1983,Manis pentadactyla,US,TW,,skins,,1500.0,Asian,1500.0,skins
280,1984,Manis spp.,CA,XX,,skins,,3.0,Other,3.0,skins
281,1984,Manis spp.,HK,XX,,unspecified,kg,2.0,Other,1.0,derivatives
282,1984,Manis spp.,US,LA,,derivatives,,1.0,Asian,1.0,derivatives
285,1984,Manis spp.,US,PH,,shoes,,32.0,Asian,32.0,trophy
286,1984,Manis crassicaudata,US,TW,XX,leather products (small),,1.0,Asian,1.0,skins
289,1984,Manis javanica,FR,JP,XX,skins,,12.0,Asian,12.0,skins
292,1984,Manis javanica,HK,XX,,bodies,,1.0,Asian,1.0,whole
293,1984,Manis javanica,JP,ID,,skins,,47.0,Asian,47.0,skins
295,1984,Manis javanica,JP,MY,,skins,,500.0,Asian,500.0,skins
296,1984,Manis javanica,JP,TH,,skins,,1740.0,Asian,1740.0,skins
307,1984,Manis javanica,US,JP,CO,leather products (small),,300.0,Asian,150.0,skins
308,1984,Manis javanica,US,JP,ID,skins,,1076.0,Asian,1076.0,skins
309,1984,Manis javanica,US,JP,ID,leather items,,4.0,Asian,4.0,skins
310,1984,Manis javanica,US,JP,MY,skin pieces,,241.0,Asian,246.0,skins
311,1984,Manis javanica,US,JP,PH,skins,,407.0,Asian,407.0,skins
312,1984,Manis javanica,US,JP,TH,skins,,865.0,Asian,865.0,skins
313,1984,Manis javanica,US,JP,TH,leather items,,66.0,Asian,66.0,skins
314,1984,Manis javanica,US,JP,XX,leather products (small),,75.0,Asian,38.0,skins
315,1984,Manis javanica,US,JP,XX,skins,,4632.0,Asian,4632.0,skins
316,1984,Manis javanica,US,JP,XX,skin pieces,,424.0,Asian,433.0,skins
317,1984,Manis javanica,US,JP,,skins,,500.0,Asian,500.0,skins
321,1984,Manis javanica,US,PH,XX,shoes,,1.0,Asian,1.0,trophy
322,1984,Manis javanica,US,PH,XX,skins,,31.0,Asian,31.0,skins
323,1984,Manis javanica,US,TH,,shoes,,1.0,Asian,1.0,trophy
324,1984,Manis javanica,US,TH,,shoes,,1.0,Asian,1.0,trophy
325,1984,Manis javanica,US,TH,,leather items,,1.0,Asian,1.0,skins
327,1984,Manis javanica,US,ZA,TH,shoes,,6.0,Asian,6.0,trophy
328,1984,Manis pentadactyla,CA,JP,ID,leather products (small),,20.0,Asian,10.0,skins
329,1984,Manis pentadactyla,CA,JP,TH,leather products (small),,50.0,Asian,25.0,skins
333,1984,Manis pentadactyla,FR,JP,TH,skins,,9.0,Asian,9.0,skins
334,1984,Manis pentadactyla,FR,JP,XX,skins,,5.0,Asian,5.0,skins
335,1984,Manis pentadactyla,HK,XX,,live,,1.0,Asian,1.0,whole
336,1984,Manis pentadactyla,HK,XX,,skins,,1.0,Asian,1.0,skins
337,1984,Manis pentadactyla,JP,CN,,live,,5.0,Asian,5.0,whole
338,1984,Manis pentadactyla,JP,TH,,skins,,650.0,Asian,650.0,skins
343,1984,Manis pentadactyla,US,CN,,live,,4.0,Asian,4.0,whole
344,1984,Manis pentadactyla,US,HK,CN,live,,4.0,Asian,4.0,whole
345,1984,Manis pentadactyla,US,JP,ID,leather products (small),,8.0,Asian,4.0,skins
346,1984,Manis pentadactyla,US,JP,ID,shoes,,14.0,Asian,14.0,trophy
347,1984,Manis pentadactyla,US,JP,ID,skins,,420.0,Asian,420.0,skins
348,1984,Manis pentadactyla,US,JP,ID,leather items,,7.0,Asian,7.0,skins
349,1984,Manis pentadactyla,US,JP,TH,skins,,992.0,Asian,992.0,skins
350,1984,Manis pentadactyla,US,JP,TH,leather items,,4.0,Asian,4.0,skins
351,1984,Manis pentadactyla,US,JP,US,leather products (small),,38.0,Asian,19.0,skins
352,1984,Manis pentadactyla,US,KR,CN,shoes,,48.0,Asian,48.0,trophy
353,1984,Manis pentadactyla,US,KR,ID,skins,kg,30.0,Asian,42.0,skins
354,1984,Manis pentadactyla,US,KR,,shoes,,48.0,Asian,48.0,trophy
358,1984,Manis pentadactyla,US,TW,SG,skins,,520.0,Asian,520.0,skins
359,1984,Manis pentadactyla,US,TW,TH,skins,,1860.0,Asian,1860.0,skins
360,1984,Manis gigantea,US,TG,,live,,4.0,African,4.0,whole
361,1985,Manis temminckii,FR,CG,,bodies,,1.0,African,1.0,whole
363,1985,Manis temminckii,US,ZA,,bodies,,1.0,African,1.0,whole
365,1985,Manis spp.,US,TG,,live,,12.0,African,12.0,whole
368,1985,Manis javanica,FR,JP,TH,skin pieces,,8.0,Asian,9.0,skins
371,1985,Manis javanica,JP,PH,,skins,,1570.0,Asian,1570.0,skins
372,1985,Manis javanica,JP,SG,MY,skins,,500.0,Asian,500.0,skins
373,1985,Manis javanica,JP,SG,TH,skins,,4030.0,Asian,4030.0,skins
374,1985,Manis javanica,JP,SG,,skins,,8530.0,Asian,8530.0,skins
375,1985,Manis javanica,JP,TW,,skins,m,900.0,Asian,750.0,skins
376,1985,Manis javanica,JP,TW,,skins,,500.0,Asian,500.0,skins
392,1985,Manis javanica,US,JP,ID,skins,,48.0,Asian,48.0,skins
394,1985,Manis javanica,US,JP,PH,leather items,,300.0,Asian,300.0,skins
395,1985,Manis javanica,US,JP,SG,skins,,487.0,Asian,487.0,skins
396,1985,Manis javanica,US,JP,TG,skins,,500.0,Asian,500.0,skins
397,1985,Manis javanica,US,JP,TH,skins,,7550.0,Asian,7550.0,skins
398,1985,Manis javanica,US,JP,TH,skin pieces,,4940.0,Asian,5041.0,skins
403,1985,Manis javanica,US,PH,XX,skins,,50.0,Asian,50.0,skins
404,1985,Manis javanica,US,SG,ID,skins,,3522.0,Asian,3522.0,skins
405,1985,Manis javanica,US,SG,TH,skins,,5302.0,Asian,5302.0,skins
406,1985,Manis javanica,US,SG,,shoes,,144.0,Asian,144.0,trophy
407,1985,Manis javanica,US,SG,,skins,,2195.0,Asian,2195.0,skins
408,1985,Manis javanica,US,TH,,meat,,1.0,Asian,1.0,consumption
409,1985,Manis javanica,US,TH,,shoes,,90.0,Asian,90.0,trophy
410,1985,Manis javanica,US,TH,,shoes,,1.0,Asian,1.0,trophy
413,1985,Manis pentadactyla,JP,CN,,live,,5.0,Asian,5.0,whole
414,1985,Manis pentadactyla,JP,CN,,specimens,,3.0,Asian,3.0,whole
415,1985,Manis pentadactyla,JP,TW,,skins,,1000.0,Asian,1000.0,skins
418,1985,Manis pentadactyla,US,HK,XX,derivatives,,480.0,Asian,134.0,derivatives
419,1985,Manis pentadactyla,US,JP,SG,skins,,496.0,Asian,496.0,skins
420,1985,Manis pentadactyla,US,JP,TH,skins,,1002.0,Asian,1002.0,skins
425,1985,Manis pentadactyla,US,TH,,shoes,,1.0,Asian,1.0,trophy
426,1985,Manis pentadactyla,US,TW,TH,leather items,,12.0,Asian,12.0,skins
427,1985,Manis pentadactyla,US,TW,TH,leather items,,12.0,Asian,12.0,skins
428,1985,Manis tricuspis,US,TG,,live,,3.0,African,3.0,whole
429,1985,Manis tricuspis,XX,CF,,trophies,,1.0,African,1.0,trophy
430,1986,Manis spp.,PL,TG,,live,,2.0,African,2.0,whole
432,1986,Manis spp.,US,TG,,live,,4.0,African,4.0,whole
433,1986,Manis crassicaudata,US,SG,XX,shoes,,1.0,Asian,1.0,trophy
437,1986,Manis javanica,CH,JP,TH,skins,,21.0,Asian,21.0,skins
439,1986,Manis javanica,FR,JP,TH,skins,,5.0,Asian,5.0,skins
440,1986,Manis javanica,FR,JP,TH,skins,,49.0,Asian,49.0,skins
442,1986,Manis javanica,GB,SG,MY,bodies,,1.0,Asian,1.0,whole
444,1986,Manis javanica,HK,JP,TH,skins,,5.0,Asian,5.0,skins
445,1986,Manis javanica,IT,JP,TH,shoes,,1.0,Asian,1.0,trophy
446,1986,Manis javanica,IT,JP,TH,skins,,41.0,Asian,41.0,skins
447,1986,Manis javanica,JP,HK,TH,skins,,10.0,Asian,10.0,skins
448,1986,Manis javanica,JP,PH,,skins,,576.0,Asian,576.0,skins
449,1986,Manis javanica,JP,SG,,skins,,12300.0,Asian,12300.0,skins
465,1986,Manis javanica,US,JP,PH,skins,,777.0,Asian,777.0,skins
466,1986,Manis javanica,US,JP,TH,skins,,10477.0,Asian,10477.0,skins
473,1986,Manis javanica,US,SG,ID,skins,,940.0,Asian,940.0,skins
474,1986,Manis javanica,US,SG,TH,skins,,2384.0,Asian,2384.0,skins
475,1986,Manis javanica,US,SG,TH,skin pieces,,1500.0,Asian,1531.0,skins
476,1986,Manis javanica,US,TH,XX,shoes,,1.0,Asian,1.0,trophy
478,1986,Manis javanica,ZA,JP,TH,skins,,4.0,Asian,4.0,skins
482,1986,Manis pentadactyla,FR,JP,TH,skins,,5.0,Asian,5.0,skins
484,1986,Manis pentadactyla,HK,JP,TH,skins,,5.0,Asian,5.0,skins
486,1986,Manis pentadactyla,JP,HK,TH,skins,,5.0,Asian,5.0,skins
492,1986,Manis pentadactyla,US,JP,SG,skins,,50.0,Asian,50.0,skins
493,1986,Manis pentadactyla,US,JP,TH,skins,,300.0,Asian,300.0,skins
496,1986,Manis tetradactyla,FR,CM,,leather items,,1.0,African,1.0,skins
497,1986,Manis tricuspis,US,TG,,live,,15.0,African,15.0,whole
502,1987,Manis spp.,US,TG,,live,,5.0,African,5.0,whole
503,1987,Manis spp.,US,TH,XX,shoes,,2.0,Asian,2.0,trophy
504,1987,Manis spp.,US,TH,XX,leather items,,3.0,Asian,3.0,skins
506,1987,Manis javanica,FR,JP,TH,skins,,9.0,Asian,9.0,skins
508,1987,Manis javanica,HK,JP,TH,skins,,9.0,Asian,9.0,skins
510,1987,Manis javanica,JP,HK,TH,skins,,9.0,Asian,9.0,skins
511,1987,Manis javanica,JP,PH,,skins,,779.0,Asian,779.0,skins
512,1987,Manis javanica,JP,SG,LA,skins,,3000.0,Asian,3000.0,skins
513,1987,Manis javanica,JP,SG,XX,skins,,850.0,Asian,850.0,skins
524,1987,Manis javanica,SG,LA,,skins,,4020.0,Asian,4020.0,skins
529,1987,Manis javanica,US,JP,TH,leather products (small),,72.0,Asian,36.0,skins
530,1987,Manis javanica,US,JP,TH,skins,,3166.0,Asian,3166.0,skins
531,1987,Manis javanica,US,JP,TH,leather items,,72.0,Asian,72.0,skins
536,1987,Manis javanica,US,SG,LA,skins,,10.0,Asian,10.0,skins
537,1987,Manis javanica,US,TW,MM,skins,,1409.0,Asian,1409.0,skins
538,1987,Manis javanica,US,TW,TH,skins,,425.0,Asian,425.0,skins
539,1987,Manis javanica,ZA,JP,TH,skins,,28.0,Asian,28.0,skins
543,1987,Manis pentadactyla,SG,CN,,bodies,,1.0,Asian,1.0,whole
544,1987,Manis pentadactyla,US,CN,,live,,4.0,Asian,4.0,whole
548,1987,Manis tricuspis,FR,CG,,bodies,,1.0,African,1.0,whole
549,1987,Manis tricuspis,US,TG,,live,,4.0,African,4.0,whole
550,1988,Manis spp.,US,TH,,skins,,468.0,Asian,468.0,skins
551,1988,Manis spp.,US,TH,,leather items,,316.0,Asian,316.0,skins
552,1988,Manis spp.,US,TH,,leather items,,4.0,Asian,4.0,skins
553,1988,Manis spp.,US,XX,,leather items,,1.0,Other,1.0,skins
556,1988,Manis javanica,HK,JP,TH,skin pieces,,5.0,Asian,6.0,skins
557,1988,Manis javanica,JP,HK,TH,skins,,5.0,Asian,5.0,skins
558,1988,Manis javanica,JP,PH,,live,,45.0,Asian,45.0,whole
559,1988,Manis javanica,JP,PH,,skins,,1205.0,Asian,1205.0,skins
560,1988,Manis javanica,JP,SG,LA,skins,,1000.0,Asian,1000.0,skins
561,1988,Manis javanica,JP,SG,,skins,,800.0,Asian,800.0,skins
571,1988,Manis javanica,US,PH,,skins,,1.0,Asian,1.0,skins
572,1988,Manis javanica,US,TH,XX,shoes,,1.0,Asian,1.0,trophy
573,1988,Manis javanica,US,TH,,leather items,,2.0,Asian,2.0,skins
574,1988,Manis javanica,US,TH,,skin pieces,,40.0,Asian,41.0,skins
578,1988,Manis pentadactyla,US,CN,,live,,2.0,Asian,2.0,whole
581,1988,Manis tricuspis,FR,CG,,bodies,,1.0,African,1.0,whole
582,1988,Manis tricuspis,IT,CG,,bodies,,1.0,African,1.0,whole
583,1988,Manis tricuspis,SE,CG,,bodies,,1.0,African,1.0,whole
584,1988,Manis tricuspis,US,LR,,live,,2.0,African,2.0,whole
585,1989,Manis spp.,US,ZA,,carvings,,15.0,African,15.0,trophy
587,1989,Manis javanica,JP,PH,,live,,492.0,Asian,492.0,whole
588,1989,Manis javanica,KR,SG,XX,skins,,50.0,Asian,50.0,skins
589,1989,Manis javanica,LU,ID,,bodies,,1.0,Asian,1.0,whole
596,1989,Manis javanica,US,PH,XX,skins,,4.0,Asian,4.0,skins
597,1989,Manis javanica,US,TH,,leather items,,2.0,Asian,2.0,skins
598,1989,Manis pentadactyla,JP,CN,,live,,4.0,Asian,4.0,whole
600,1989,Manis pentadactyla,PT,MO,CN,bodies,,1.0,Asian,1.0,whole
601,1989,Manis tricuspis,SE,CG,,bodies,,1.0,African,1.0,whole
602,1990,Manis spp.,NZ,XX,,skins,,1.0,Other,1.0,skins
603,1990,Manis spp.,US,HK,CN,derivatives,kg,22.0,Asian,3.0,derivatives
604,1990,Manis spp.,US,KR,XX,bodies,,1.0,Asian,1.0,whole
606,1990,Manis spp.,US,TH,XX,bodies,,1.0,Asian,1.0,whole
607,1990,Manis spp.,US,TH,XX,shoes,,1.0,Asian,1.0,trophy
608,1990,Manis spp.,US,TH,XX,shoes,,1.0,Asian,1.0,trophy
609,1990,Manis spp.,US,TH,XX,leather items,,1.0,Asian,1.0,skins
624,1990,Manis javanica,US,LA,,skins,,4962.0,Asian,4962.0,skins
627,1990,Manis javanica,US,PH,XX,leather items,,3.0,Asian,3.0,skins
628,1990,Manis javanica,US,TH,XX,shoes,,1.0,Asian,1.0,trophy
629,1990,Manis javanica,US,TH,XX,skin pieces,,1.0,Asian,2.0,skins
630,1990,Manis javanica,US,TW,VN,skins,,50.0,Asian,50.0,skins
631,1990,Manis javanica,US,VN,,bodies,,1.0,Asian,1.0,whole
633,1990,Manis pentadactyla,HK,CN,,derivatives,cartons,834.0,Asian,4634.0,derivatives
634,1990,Manis pentadactyla,JP,CN,,live,,4.0,Asian,4.0,whole
635,1990,Manis pentadactyla,MO,CN,,derivatives,cartons,123.0,Asian,684.0,derivatives
636,1990,Manis pentadactyla,MY,CN,,derivatives,cartons,591.0,Asian,3284.0,derivatives
638,1990,Manis pentadactyla,PH,CN,,derivatives,cartons,10.0,Asian,56.0,derivatives
639,1990,Manis pentadactyla,SG,CN,,derivatives,cartons,50.0,Asian,278.0,derivatives
640,1990,Manis pentadactyla,US,HK,XX,derivatives,,200.0,Asian,56.0,derivatives
641,1990,Manis pentadactyla,US,VN,,bodies,,1.0,Asian,1.0,whole
642,1990,Manis tetradactyla,FR,CG,,bodies,,1.0,African,1.0,whole
643,1990,Manis tetradactyla,US,TG,,live,,35.0,African,35.0,whole
644,1990,Manis tetradactyla,US,TG,,live,,13.0,African,13.0,whole
646,1990,Manis tricuspis,JP,TG,,live,,25.0,African,25.0,whole
647,1990,Manis tricuspis,US,NG,,live,,1.0,African,1.0,whole
649,1991,Manis spp.,US,LA,XX,derivatives,,1.0,Asian,1.0,derivatives
650,1991,Manis spp.,US,LA,XX,derivatives,,1.0,Asian,1.0,derivatives
651,1991,Manis spp.,US,PH,XX,bodies,,4.0,Asian,4.0,whole
652,1991,Manis spp.,US,TH,,leather items,,5.0,Asian,5.0,skins
653,1991,Manis spp.,US,VN,,bodies,,2.0,Asian,2.0,whole
654,1991,Manis spp.,US,VN,,bodies,,1.0,Asian,1.0,whole
661,1991,Manis javanica,MX,ID,,skins,,10000.0,Asian,10000.0,skins
664,1991,Manis javanica,US,JP,MY,bodies,,1.0,Asian,1.0,whole
665,1991,Manis javanica,US,LA,,skins,m2,60.0,Asian,50.0,skins
666,1991,Manis javanica,US,LA,,skins,m,470.0,Asian,392.0,skins
667,1991,Manis javanica,US,LA,,skins,,3557.0,Asian,3557.0,skins
668,1991,Manis javanica,US,LA,,skins,,4962.0,Asian,4962.0,skins
677,1991,Manis javanica,US,PH,XX,bodies,,1.0,Asian,1.0,whole
678,1991,Manis javanica,US,TH,,bodies,,1.0,Asian,1.0,whole
679,1991,Manis javanica,US,TW,VN,skins,,148.0,Asian,148.0,skins
680,1991,Manis javanica,US,VN,,bodies,,1.0,Asian,1.0,whole
681,1991,Manis javanica,US,XX,,bodies,,1.0,Asian,1.0,whole
682,1991,Manis pentadactyla,BG,CN,,derivatives,cartons,2.0,Asian,12.0,derivatives
683,1991,Manis pentadactyla,CA,CN,,derivatives,cartons,14.0,Asian,78.0,derivatives
685,1991,Manis pentadactyla,HK,CN,,derivatives,cartons,1457.0,Asian,8095.0,derivatives
686,1991,Manis pentadactyla,JP,CN,,live,,4.0,Asian,4.0,whole
688,1991,Manis pentadactyla,JP,CN,,live,,8.0,Asian,8.0,whole
689,1991,Manis pentadactyla,MO,CN,,derivatives,cartons,205.0,Asian,1139.0,derivatives
690,1991,Manis pentadactyla,MX,HK,ID,skins,kg,1000.0,Asian,1389.0,skins
691,1991,Manis pentadactyla,MX,KR,ID,skins,,5000.0,Asian,5000.0,skins
692,1991,Manis pentadactyla,MY,CN,,derivatives,cartons,680.0,Asian,3778.0,derivatives
693,1991,Manis pentadactyla,NZ,XX,,bodies,,1.0,Asian,1.0,whole
694,1991,Manis pentadactyla,PH,CN,,derivatives,cartons,80.0,Asian,445.0,derivatives
695,1991,Manis pentadactyla,SG,CN,,derivatives,cartons,160.0,Asian,889.0,derivatives
697,1991,Manis tricuspis,JP,TG,,live,,5.0,African,5.0,whole
699,1992,Manis spp.,US,KR,XX,shoes,,4.0,Asian,4.0,trophy
700,1992,Manis spp.,US,SG,IN,claws,,1.0,Asian,1.0,derivatives
701,1992,Manis spp.,US,VN,,skins,,1.0,Asian,1.0,skins
705,1992,Manis javanica,MX,LA,,skins,kg,1500.0,Asian,1531.0,skins
706,1992,Manis javanica,MX,LA,,skins,,15000.0,Asian,15000.0,skins
709,1992,Manis javanica,SG,VN,,skins,,220.0,Asian,220.0,skins
710,1992,Manis javanica,US,HK,XX,bodies,,2.0,Asian,2.0,whole
711,1992,Manis javanica,US,LA,,skins,kg,72.0,Asian,74.0,skins
712,1992,Manis javanica,US,LA,,skins,m2,368.0,Asian,307.0,skins
713,1992,Manis javanica,US,LA,,skins,,1961.0,Asian,1961.0,skins
714,1992,Manis javanica,US,LA,,skins,,2727.0,Asian,2727.0,skins
725,1992,Manis javanica,US,PH,,bodies,,1.0,Asian,1.0,whole
726,1992,Manis javanica,US,VN,,bodies,,2.0,Asian,2.0,whole
727,1992,Manis pentadactyla,BE,CN,,derivatives,cartons,10.0,Asian,56.0,derivatives
728,1992,Manis pentadactyla,CU,CN,,derivatives,boxes,2030.0,Asian,11278.0,derivatives
729,1992,Manis pentadactyla,GA,CN,,derivatives,cartons,2.0,Asian,12.0,derivatives
730,1992,Manis pentadactyla,HK,CN,,derivatives,cartons,347.0,Asian,1928.0,derivatives
731,1992,Manis pentadactyla,HK,CN,,derivatives,,30000.0,Asian,8334.0,derivatives
732,1992,Manis pentadactyla,IT,CN,,derivatives,cartons,1.0,Asian,6.0,derivatives
733,1992,Manis pentadactyla,MO,CN,,derivatives,cartons,385.0,Asian,2139.0,derivatives
735,1992,Manis pentadactyla,MX,VN,,skins,kg,1000.0,Asian,1389.0,skins
736,1992,Manis pentadactyla,MX,VN,,skins,,5000.0,Asian,5000.0,skins
737,1992,Manis pentadactyla,MY,CN,,derivatives,cartons,5.0,Asian,28.0,derivatives
738,1992,Manis pentadactyla,PA,CN,,derivatives,cartons,2.0,Asian,12.0,derivatives
739,1992,Manis pentadactyla,SG,CN,,derivatives,cartons,200.0,Asian,1112.0,derivatives
740,1992,Manis pentadactyla,SU,CN,,derivatives,cartons,50.0,Asian,278.0,derivatives
742,1992,Manis pentadactyla,US,HK,XX,bodies,,1.0,Asian,1.0,whole
744,1992,Manis tricuspis,CH,CM,,skins,,1.0,African,1.0,skins
745,1993,Manis spp.,US,HK,XX,derivatives,,1.0,Asian,1.0,derivatives
753,1993,Manis javanica,SG,VN,,skins,,220.0,Asian,220.0,skins
754,1993,Manis javanica,US,KR,XX,bodies,,1.0,Asian,1.0,whole
755,1993,Manis javanica,US,LA,,skins,,16083.0,Asian,16083.0,skins
760,1993,Manis javanica,US,VN,,bodies,,1.0,Asian,1.0,whole
761,1993,Manis javanica,US,VN,,bodies,,1.0,Asian,1.0,whole
767,1994,Manis spp.,US,NG,,leather items,,1.0,African,1.0,skins
768,1994,Manis spp.,US,XX,,feet,,1.0,Other,1.0,derivatives
782,1994,Manis javanica,PL,ID,,live,,5.0,Asian,5.0,whole
784,1994,Manis javanica,SG,MY,,scales,kg,2000.0,Asian,2041.0,skins
785,1994,Manis javanica,US,LA,,skins,,6553.0,Asian,6553.0,skins
786,1994,Manis javanica,US,LA,,leather items,,14.0,Asian,14.0,skins
789,1994,Manis javanica,US,TH,LA,skins,,200.0,Asian,200.0,skins
790,1994,Manis javanica,US,VN,,bodies,,2.0,Asian,2.0,whole
791,1994,Manis javanica,US,XX,,bodies,,1.0,Asian,1.0,whole
794,1994,Manis pentadactyla,US,VN,,bodies,,2.0,Asian,2.0,whole
795,1995,Manis spp.,US,LA,XX,bodies,,1.0,Asian,1.0,whole
796,1995,Manis spp.,US,LA,,skins,,302.0,Asian,302.0,skins
797,1995,Manis spp.,US,LA,,leather items,,191.0,Asian,191.0,skins
798,1995,Manis spp.,US,LA,,specimens,g,422.0,Asian,1.0,whole
799,1995,Manis spp.,US,LA,,unspecified,,12.0,Asian,12.0,derivatives
814,1995,Manis javanica,SG,VN,,skins,,150.0,Asian,150.0,skins
815,1995,Manis javanica,SG,VN,,skins,,50.0,Asian,50.0,skins
816,1995,Manis javanica,US,LA,,skins,kg,6.0,Asian,7.0,skins
817,1995,Manis javanica,US,LA,,skins,m2,63.0,Asian,53.0,skins
818,1995,Manis javanica,US,LA,,skins,,9485.0,Asian,9485.0,skins
819,1995,Manis javanica,US,LA,,leather items,,170.0,Asian,170.0,skins
820,1995,Manis javanica,US,LA,,leather items,,580.0,Asian,580.0,skins
825,1995,Manis javanica,US,TH,LA,skins,,266.0,Asian,266.0,skins
826,1995,Manis javanica,US,TH,,skins,,300.0,Asian,300.0,skins
827,1995,Manis javanica,US,XX,,bodies,,3.0,Asian,3.0,whole
828,1995,Manis javanica,US,ZA,LA,skin pieces,kg,5.5,Asian,6.0,skins
829,1995,Manis javanica,US,ZA,XX,shoes,,39.0,Asian,39.0,trophy
839,1996,Manis spp.,US,KH,,bodies,,1.0,Asian,1.0,whole
840,1996,Manis spp.,US,LA,,derivatives,g,454.0,Asian,1.0,derivatives
841,1996,Manis spp.,US,LA,,unspecified,g,228.0,Asian,1.0,derivatives
842,1996,Manis spp.,US,LA,,unspecified,,12.0,Asian,12.0,derivatives
853,1996,Manis javanica,CN,HK,MY,scales,kg,1600.0,Asian,1633.0,skins
854,1996,Manis javanica,CN,SG,MY,scales,kg,4000.0,Asian,4082.0,skins
860,1996,Manis javanica,SG,MY,,scales,kg,9430.0,Asian,9623.0,skins
862,1996,Manis javanica,US,JP,LA,shoes,,2.0,Asian,2.0,trophy
863,1996,Manis javanica,US,JP,LA,skins,,42.0,Asian,42.0,skins
864,1996,Manis javanica,US,LA,,skins,,984.0,Asian,984.0,skins
865,1996,Manis javanica,US,LA,,skins,,6704.0,Asian,6704.0,skins
866,1996,Manis javanica,US,LA,,skins,,405.0,Asian,405.0,skins
871,1996,Manis javanica,US,ZA,XX,skin pieces,kg,7.5,Asian,8.0,skins
872,1996,Manis javanica,US,ZA,,leather items,,136.0,Asian,136.0,skins
874,1996,Manis pentadactyla,JP,CN,,live,,4.0,Asian,4.0,whole
875,1996,Manis pentadactyla,US,CN,,derivatives,kg,6.0,Asian,2.0,derivatives
876,1996,Manis tricuspis,JP,TG,,live,,20.0,African,20.0,whole
877,1996,Manis tricuspis,US,TG,,live,,10.0,African,10.0,whole
878,1997,Manis spp.,KR,XX,,scales,kg,366.0,Other,202.0,skins
879,1997,Manis spp.,US,LA,,derivatives,,1.0,Asian,1.0,derivatives
880,1997,Manis spp.,US,LA,,feet,,4.0,Asian,1.0,derivatives
881,1997,Manis spp.,US,LA,,unspecified,,1.0,Asian,1.0,derivatives
883,1997,Manis spp.,US,TH,,skins,,2.0,Asian,2.0,skins
884,1997,Manis spp.,US,XX,,shoes,,1.0,Other,1.0,trophy
888,1997,Manis javanica,MX,LA,,skins,,719.0,Asian,719.0,skins
891,1997,Manis javanica,NL,SG,,bodies,,1.0,Asian,1.0,whole
895,1997,Manis javanica,US,LA,,skins,,4305.0,Asian,4305.0,skins
896,1997,Manis javanica,US,LA,,skins,,1550.0,Asian,1550.0,skins
900,1997,Manis pentadactyla,DE,TW,,live,,2.0,Asian,2.0,whole
902,1997,Manis pentadactyla,SG,VN,,skins,,500.0,Asian,500.0,skins
903,1997,Manis pentadactyla,US,CN,,scales,kg,500.0,Asian,695.0,skins
906,1997,Manis pentadactyla,US,TW,CN,derivatives,kg,1.0,Asian,1.0,derivatives
907,1997,Manis temminckii,US,TZ,,skeletons,,1.0,African,1.0,derivatives
908,1997,Manis tricuspis,US,TG,,live,,1.0,African,1.0,whole
912,1998,Manis spp.,NZ,TW,XX,derivatives,,4.0,Asian,1.0,derivatives
916,1998,Manis spp.,US,LA,XX,claws,,1.0,Asian,1.0,derivatives
917,1998,Manis spp.,US,LA,XX,derivatives,,1.0,Asian,1.0,derivatives
918,1998,Manis spp.,US,LA,XX,unspecified,kg,3.0,Asian,1.0,derivatives
919,1998,Manis spp.,US,LA,XX,unspecified,,1.0,Asian,1.0,derivatives
920,1998,Manis spp.,US,LA,,feet,,4.0,Asian,1.0,derivatives
921,1998,Manis spp.,US,LA,,skins,,1.0,Asian,1.0,skins
922,1998,Manis spp.,US,LA,,unspecified,g,100.0,Asian,1.0,derivatives
923,1998,Manis spp.,US,LA,,unspecified,,1.0,Asian,1.0,derivatives
928,1998,Manis spp.,US,TH,,bodies,,4.0,Asian,4.0,whole
929,1998,Manis spp.,US,TH,,feet,,1.0,Asian,1.0,derivatives
930,1998,Manis spp.,US,TH,,meat,kg,2.0,Asian,1.0,consumption
931,1998,Manis spp.,US,TH,,skins,,1.0,Asian,1.0,skins
932,1998,Manis spp.,US,TW,US,live,,33.0,Asian,33.0,whole
934,1998,Manis javanica,HK,SG,MY,scales,kg,1027.0,Asian,1048.0,skins
935,1998,Manis javanica,JP,SG,MY,skins,,100.0,Asian,100.0,skins
938,1998,Manis javanica,MX,LA,,skins,,11000.0,Asian,11000.0,skins
939,1998,Manis javanica,MX,SG,MY,skins,,300.0,Asian,300.0,skins
940,1998,Manis javanica,MX,TH,LA,skins,,20.0,Asian,20.0,skins
942,1998,Manis javanica,SG,MY,,skins,,5000.0,Asian,5000.0,skins
946,1998,Manis javanica,US,LA,,skins,,2685.0,Asian,2685.0,skins
951,1998,Manis javanica,US,MY,,live,,12.0,Asian,12.0,whole
954,1998,Manis pentadactyla,MY,VN,,leather products (small),,1.0,Asian,1.0,skins
955,1998,Manis pentadactyla,US,CN,,derivatives,kg,500.0,Asian,139.0,derivatives
956,1998,Manis pentadactyla,US,HK,,derivatives,,4.0,Asian,2.0,derivatives
958,1998,Manis tetradactyla,HU,BJ,,live,,2.0,African,2.0,whole
959,1998,Manis tricuspis,ES,TG,,live,,2.0,African,2.0,whole
960,1998,Manis tricuspis,US,CM,,trophies,,1.0,African,1.0,trophy
963,1999,Manis spp.,JP,TH,,live,,100.0,Asian,100.0,whole
964,1999,Manis spp.,NZ,CN,,derivatives,,1.0,Asian,1.0,derivatives
965,1999,Manis spp.,NZ,HK,,derivatives,,8.0,Asian,1.0,derivatives
966,1999,Manis spp.,NZ,SG,,derivatives,,1.0,Asian,1.0,derivatives
967,1999,Manis spp.,NZ,XX,,derivatives,,2.0,Other,1.0,derivatives
968,1999,Manis spp.,US,CN,,unspecified,g,122.0,Asian,1.0,derivatives
969,1999,Manis spp.,US,LA,XX,scales,g,32.0,Asian,1.0,skins
970,1999,Manis spp.,US,LA,XX,scales,g,43.0,Asian,1.0,skins
971,1999,Manis spp.,US,LA,,scales,g,109.0,Asian,1.0,skins
972,1999,Manis spp.,US,LA,,unspecified,g,35.0,Asian,1.0,derivatives
974,1999,Manis spp.,US,TH,,skins,,1.0,Asian,1.0,skins
975,1999,Manis gigantea,US,CM,,bodies,,1.0,African,1.0,whole
978,1999,Manis javanica,CN,SG,MY,skins,kg,2000.0,Asian,2041.0,skins
979,1999,Manis javanica,GB,TH,,leather products (small),pairs,1.0,Asian,1.0,skins
980,1999,Manis javanica,JP,MY,,bodies,,1.0,Asian,1.0,whole
981,1999,Manis javanica,JP,SG,MY,skins,,5537.0,Asian,5537.0,skins
984,1999,Manis javanica,MX,JP,MY,skins,,500.0,Asian,500.0,skins
985,1999,Manis javanica,MX,LA,,skins,kg,870.0,Asian,888.0,skins
986,1999,Manis javanica,MX,LA,,skins,,12480.0,Asian,12480.0,skins
987,1999,Manis javanica,MX,SG,MY,skins,,1919.0,Asian,1919.0,skins
988,1999,Manis javanica,SG,JP,MY,skins,,15.0,Asian,15.0,skins
989,1999,Manis javanica,SG,MY,,skins,,12685.0,Asian,12685.0,skins
990,1999,Manis javanica,US,LA,,skins,,1126.0,Asian,1126.0,skins
991,1999,Manis javanica,US,LA,,skins,,736.0,Asian,736.0,skins
998,1999,Manis javanica,US,ZA,LA,shoes,,142.0,Asian,142.0,trophy
999,1999,Manis pentadactyla,SG,VN,,skins,,400.0,Asian,400.0,skins
1000,1999,Manis pentadactyla,US,LA,,meat,kg,1.0,Asian,1.0,consumption
1002,1999,Manis tetradactyla,AT,BJ,,specimens,,6.0,African,6.0,whole
1003,1999,Manis tetradactyla,AT,BJ,,specimens,,1.0,African,1.0,whole
1004,1999,Manis tricuspis,AT,BJ,,specimens,,6.0,African,6.0,whole
1005,1999,Manis tricuspis,AT,BJ,,specimens,,1.0,African,1.0,whole
1006,1999,Manis tricuspis,JP,CM,,live,,5.0,African,5.0,whole
1007,1999,Manis tricuspis,US,CM,,skins,,1.0,African,1.0,skins
1008,1999,Manis tricuspis,US,CM,,trophies,,1.0,African,1.0,trophy
1010,1999,Manis tricuspis,US,LR,,trophies,,1.0,African,1.0,trophy
1011,2000,Manis spp.,CN,HK,XX,skins,,150.0,Asian,150.0,skins
1012,2000,Manis spp.,CN,HK,XX,specimens,,2.0,Asian,2.0,whole
1013,2000,Manis spp.,GB,CM,,bodies,,2.0,African,2.0,whole
1014,2000,Manis spp.,GB,DJ,,bodies,,1.0,African,1.0,whole
1015,2000,Manis spp.,NZ,CN,,derivatives,,17.0,Asian,2.0,derivatives
1016,2000,Manis spp.,US,HK,XX,derivatives,,120.0,Asian,14.0,derivatives
1017,2000,Manis spp.,US,LA,,unspecified,g,50.0,Asian,1.0,derivatives
1020,2000,Manis javanica,CN,MY,,live,,50.0,Asian,50.0,whole
1021,2000,Manis javanica,DE,JP,MY,skins,,12.0,Asian,12.0,skins
1023,2000,Manis javanica,HK,SG,MY,scales,kg,350.0,Asian,358.0,skins
1025,2000,Manis javanica,JP,MY,,bodies,,1.0,Asian,1.0,whole
1026,2000,Manis javanica,JP,SG,MY,leather products (small),,299.0,Asian,150.0,skins
1028,2000,Manis javanica,JP,SG,MY,skins,,26225.0,Asian,26225.0,skins
1029,2000,Manis javanica,MX,JP,MY,skins,,2260.0,Asian,2260.0,skins
1030,2000,Manis javanica,MX,LA,,leather products (small),,49.0,Asian,25.0,skins
1031,2000,Manis javanica,MX,LA,,skins,,4800.0,Asian,4800.0,skins
1032,2000,Manis javanica,MX,SG,MY,skins,,10987.0,Asian,10987.0,skins
1033,2000,Manis javanica,SG,JP,MY,skins,,3459.0,Asian,3459.0,skins
1034,2000,Manis javanica,SG,MY,,skins,,5610.0,Asian,5610.0,skins
1035,2000,Manis javanica,US,JP,MY,skins,,4322.0,Asian,4322.0,skins
1036,2000,Manis javanica,US,LA,,scales,g,29.0,Asian,1.0,skins
1037,2000,Manis javanica,US,LA,,skins,,215.0,Asian,215.0,skins
1038,2000,Manis javanica,US,LA,,skins,,926.0,Asian,926.0,skins
1051,2000,Manis javanica,US,MY,,skins,,200.0,Asian,200.0,skins
1052,2000,Manis pentadactyla,SG,VN,,skins,,500.0,Asian,500.0,skins
1053,2000,Manis pentadactyla,US,CN,XX,derivatives,,3.0,Asian,1.0,derivatives
1054,2000,Manis pentadactyla,US,TW,,specimens,,18.0,Asian,18.0,whole
1055,2000,Manis pentadactyla,US,TW,,specimens,,2.0,Asian,2.0,whole
1056,2000,Manis pentadactyla,US,VN,,skins,,500.0,Asian,500.0,skins
1057,2000,Manis tetradactyla,AT,BJ,,specimens,,2.0,African,2.0,whole
1058,2000,Manis tetradactyla,DE,CI,,skins,,1.0,African,1.0,skins
1060,2000,Manis tetradactyla,US,CF,,specimens,,40.0,African,40.0,whole
1061,2000,Manis tricuspis,FR,GN,,skulls,,1.0,African,1.0,derivatives
1062,2000,Manis tricuspis,JP,CM,,live,,5.0,African,5.0,whole
1063,2001,Manis spp.,NZ,CN,,derivatives,,6.0,Asian,1.0,derivatives
1064,2001,Manis spp.,US,CN,XX,derivatives,kg,1.0,Asian,1.0,derivatives
1065,2001,Manis spp.,US,GQ,,specimens,,1.0,African,1.0,whole
1066,2001,Manis spp.,US,LA,XX,scales,g,20.0,Asian,1.0,skins
1067,2001,Manis spp.,US,LA,,scales,g,41.0,Asian,1.0,skins
1068,2001,Manis spp.,US,LA,,unspecified,g,555.0,Asian,1.0,derivatives
1071,2001,Manis spp.,US,MY,,derivatives,,10.0,Asian,2.0,derivatives
1072,2001,Manis spp.,US,TH,XX,feet,,2.0,Asian,1.0,derivatives
1073,2001,Manis spp.,US,XX,,shoes,,8.0,Other,8.0,trophy
1074,2001,Manis javanica,CH,JP,MY,skins,,4.0,Asian,4.0,skins
1075,2001,Manis javanica,DE,JP,MY,skins,,12.0,Asian,12.0,skins
1077,2001,Manis javanica,MX,JP,MY,skins,,2500.0,Asian,2500.0,skins
1078,2001,Manis javanica,NO,TH,,skins,,1.0,Asian,1.0,skins
1079,2001,Manis javanica,US,JP,MY,skins,,1.0,Asian,1.0,skins
1080,2001,Manis javanica,US,LA,XX,scales,g,14.0,Asian,1.0,skins
1081,2001,Manis javanica,US,LA,,scales,g,642.0,Asian,1.0,skins
1087,2001,Manis pentadactyla,US,TW,,specimens,,3.0,Asian,3.0,whole
1088,2001,Manis tricuspis,US,CI,,live,,1.0,African,1.0,whole
1089,2002,Manis spp.,CH,HK,XX,skins,,20.0,Asian,20.0,skins
1090,2002,Manis spp.,NZ,CN,,scales,,18.0,Asian,10.0,skins
1091,2002,Manis spp.,SI,HK,XX,scales,,4.0,Asian,3.0,skins
1092,2002,Manis spp.,SI,HK,XX,skins,,1.0,Asian,1.0,skins
1093,2002,Manis spp.,US,CN,XX,derivatives,g,150.0,Asian,1.0,derivatives
1094,2002,Manis spp.,US,CN,,derivatives,,6.0,Asian,1.0,derivatives
1095,2002,Manis spp.,US,LA,,scales,,4.0,Asian,3.0,skins
1097,2002,Manis spp.,US,VN,,scales,g,13.0,Asian,1.0,skins
1098,2002,Manis javanica,CH,HK,XX,leather products (small),,1.0,Asian,1.0,skins
1099,2002,Manis javanica,CN,JP,MY,leather products (small),,16.0,Asian,8.0,skins
1100,2002,Manis javanica,CN,JP,MY,skins,,10.0,Asian,10.0,skins
1101,2002,Manis javanica,MX,JP,MY,skins,,2542.0,Asian,2542.0,skins
1103,2002,Manis tetradactyla,US,TG,,live,,8.0,African,8.0,whole
1104,2002,Manis tricuspis,FR,GA,,bodies,,2.0,African,2.0,whole
1105,2002,Manis tricuspis,US,TG,,live,,16.0,African,16.0,whole
1110,2003,Manis spp.,US,TH,ID,skins,,1.0,Asian,1.0,skins
1111,2003,Manis spp.,US,TH,,meat,kg,2.0,Asian,1.0,consumption
1112,2003,Manis javanica,JP,ID,,specimens,,41.0,Asian,41.0,whole
1113,2003,Manis javanica,MX,JP,MY,skins,,1500.0,Asian,1500.0,skins
1114,2003,Manis javanica,MX,LA,,skins,,300.0,Asian,300.0,skins
1115,2003,Manis pentadactyla,JP,CN,,live,,2.0,Asian,2.0,whole
1116,2004,Manis spp.,ID,XX,,scales,,2655.0,Other,1459.0,skins
1117,2004,Manis spp.,US,LA,,unspecified,g,24.0,Asian,1.0,derivatives
1118,2004,Manis crassicaudata,FR,PK,,specimens,,1.0,Asian,1.0,whole
1119,2004,Manis gigantea,FR,GA,,bodies,,1.0,African,1.0,whole
1120,2004,Manis javanica,US,CN,XX,scales,g,2045.0,Asian,3.0,skins
1122,2004,Manis javanica,US,SG,XX,specimens,,9.0,Asian,9.0,whole
1123,2004,Manis javanica,US,SG,,specimens,flasks,8.0,Asian,8.0,whole
1125,2004,Manis pentadactyla,JP,CN,,live,,2.0,Asian,2.0,whole
1126,2004,Manis pentadactyla,US,VN,,skins,,2.0,Asian,2.0,skins
1128,2004,Manis temminckii,IT,CD,,live,,10.0,African,10.0,whole
1129,2004,Manis tetradactyla,US,TG,,live,,3.0,African,3.0,whole
1130,2005,Manis spp.,US,LA,,bodies,,1.0,Asian,1.0,whole
1131,2005,Manis spp.,US,LA,,meat,g,65.0,Asian,1.0,consumption
1132,2005,Manis spp.,US,LA,,unspecified,g,62.0,Asian,1.0,derivatives
1136,2005,Manis spp.,US,PH,XX,skins,,1.0,Asian,1.0,skins
1137,2005,Manis spp.,US,TH,XX,scales,,5.0,Asian,3.0,skins
1138,2005,Manis spp.,US,TH,XX,skin pieces,,9.0,Asian,5.0,skins
1139,2005,Manis spp.,US,TW,XX,skin pieces,,15.0,Asian,9.0,skins
1141,2005,Manis javanica,US,SG,,specimens,,9.0,Asian,9.0,whole
1142,2005,Manis pentadactyla,US,TW,,specimens,,63.0,Asian,63.0,whole
1143,2005,Manis temminckii,US,CD,,live,,1.0,African,1.0,whole
1147,2006,Manis spp.,US,CM,,bodies,,1.0,African,1.0,whole
1148,2006,Manis spp.,US,HK,XX,specimens,,100.0,Asian,100.0,whole
1149,2006,Manis spp.,US,LA,,tails,,1.0,Asian,1.0,derivatives
1150,2006,Manis spp.,US,LA,,unspecified,g,38.0,Asian,1.0,derivatives
1155,2006,Manis spp.,US,MY,XX,derivatives,,5.0,Asian,1.0,derivatives
1156,2006,Manis spp.,US,MY,XX,leather products (small),,1.0,Asian,1.0,skins
1157,2006,Manis spp.,US,TH,,scales,kg,0.296,Asian,1.0,skins
1159,2006,Manis spp.,US,TH,,specimens,,40.0,Asian,40.0,whole
1160,2006,Manis spp.,US,VN,,derivatives,,24.0,Asian,3.0,derivatives
1161,2006,Manis spp.,US,XX,,leather products (small),,2.0,Other,1.0,skins
1162,2006,Manis spp.,US,XX,,shoes,,18.0,Other,18.0,trophy
1163,2006,Manis javanica,US,LA,,skins,,1.0,Asian,1.0,skins
1164,2006,Manis tricuspis,FR,GA,,live,,2.0,African,2.0,whole
1165,2006,Manis tricuspis,US,TZ,,specimens,,1.0,African,1.0,whole
1167,2007,Manis spp.,GB,KE,TZ,scales,,1.0,African,1.0,skins
1168,2007,Manis spp.,NZ,CN,XX,derivatives,,10.0,Asian,2.0,derivatives
1169,2007,Manis spp.,US,CM,,bodies,kg,2.0,African,2.0,whole
1170,2007,Manis spp.,US,CM,,specimens,,5.0,African,5.0,whole
1171,2007,Manis spp.,US,CN,XX,derivatives,,88.0,Asian,10.0,derivatives
1172,2007,Manis spp.,US,CN,XX,derivatives,,281.0,Asian,31.0,derivatives
1173,2007,Manis spp.,US,GH,,bodies,,1.0,African,1.0,whole
1177,2007,Manis spp.,US,PH,,specimens,,1.0,Asian,1.0,whole
1178,2007,Manis spp.,US,XX,,shoes,,8.0,Other,8.0,trophy
1179,2007,Manis culionensis,US,PH,,specimens,,1.0,Asian,1.0,whole
1180,2007,Manis gigantea,US,CM,,specimens,,11.0,African,11.0,whole
1181,2007,Manis javanica,AU,VN,,specimens,ml,950.0,Asian,1.0,whole
1183,2007,Manis javanica,US,SG,,specimens,,2.0,Asian,2.0,whole
1184,2007,Manis javanica,US,TH,,skins,,1.0,Asian,1.0,skins
1185,2007,Manis javanica,US,VN,,specimens,ml,1150.0,Asian,1.0,whole
1186,2007,Manis pentadactyla,DE,TW,,live,,1.0,Asian,1.0,whole
1187,2007,Manis pentadactyla,US,TW,,specimens,,42.0,Asian,42.0,whole
1188,2007,Manis pentadactyla,US,TW,,specimens,,38.0,Asian,38.0,whole
1189,2007,Manis tetradactyla,NL,TG,,live,,1.0,African,1.0,whole
1190,2007,Manis tetradactyla,US,CM,,skeletons,,10.0,African,10.0,derivatives
1191,2007,Manis tetradactyla,US,CM,,skulls,,4.0,African,4.0,derivatives
1192,2007,Manis tetradactyla,US,CM,,skulls,,10.0,African,10.0,derivatives
1193,2007,Manis tetradactyla,US,CM,,specimens,,21.0,African,21.0,whole
1194,2007,Manis tricuspis,CZ,CM,,live,,10.0,African,10.0,whole
1195,2007,Manis tricuspis,FR,CM,,trophies,,1.0,African,1.0,trophy
1196,2007,Manis tricuspis,IT,TG,,live,,15.0,African,15.0,whole
1197,2007,Manis tricuspis,NL,TG,,live,,1.0,African,1.0,whole
1198,2007,Manis tricuspis,US,CM,,live,,10.0,African,10.0,whole
1199,2007,Manis tricuspis,US,CM,,specimens,,92.0,African,92.0,whole
1204,2008,Manis spp.,NZ,CN,XX,derivatives,,85.0,Asian,10.0,derivatives
1205,2008,Manis spp.,NZ,VN,,derivatives,,5.0,Asian,1.0,derivatives
1206,2008,Manis spp.,US,CN,XX,derivatives,,14.0,Asian,2.0,derivatives
1207,2008,Manis spp.,US,CN,XX,derivatives,,204.0,Asian,23.0,derivatives
1208,2008,Manis spp.,US,CN,,derivatives,,15.0,Asian,2.0,derivatives
1210,2008,Manis spp.,US,LA,,scales,g,23.0,Asian,1.0,skins
1211,2008,Manis spp.,US,LA,,tails,,1.0,Asian,1.0,derivatives
1212,2008,Manis spp.,US,NG,,bodies,,1.0,African,1.0,whole
1213,2008,Manis spp.,US,PH,,leather products (large),,2.0,Asian,2.0,skins
1214,2008,Manis spp.,US,VN,XX,derivatives,,19.0,Asian,3.0,derivatives
1215,2008,Manis spp.,US,VN,XX,derivatives,,120.0,Asian,14.0,derivatives
1216,2008,Manis spp.,US,XX,,leather products (small),,1.0,Other,1.0,skins
1217,2008,Manis spp.,US,XX,,shoes,,2.0,Other,2.0,trophy
1218,2008,Manis crassicaudata,US,LK,,specimens,,1.0,Asian,1.0,whole
1219,2008,Manis javanica,US,KH,,specimens,,13.0,Asian,13.0,whole
1221,2008,Manis pentadactyla,US,CN,,derivatives,,48.0,Asian,14.0,derivatives
1222,2008,Manis pentadactyla,US,TW,CN,specimens,kg,14.0,Asian,4.0,whole
1223,2008,Manis pentadactyla,US,VN,CN,derivatives,g,80.0,Asian,1.0,derivatives
1224,2008,Manis temminckii,NZ,ZA,,leather products (small),,1.0,African,1.0,skins
1225,2008,Manis tricuspis,FR,CM,,trophies,,2.0,African,2.0,trophy
1226,2008,Manis tricuspis,IT,TG,,live,,5.0,African,5.0,whole
1227,2008,Manis tricuspis,TO,TG,,live,,20.0,African,20.0,whole
1228,2009,Manis spp.,NO,CN,,derivatives,,1.0,Asian,1.0,derivatives
1230,2009,Manis spp.,NZ,CN,,derivatives,g,60.0,Asian,1.0,derivatives
1231,2009,Manis spp.,US,CN,XX,derivatives,,159.0,Asian,18.0,derivatives
1232,2009,Manis spp.,US,CN,XX,derivatives,,55.0,Asian,7.0,derivatives
1233,2009,Manis spp.,US,CN,,derivatives,,91.0,Asian,10.0,derivatives
1234,2009,Manis spp.,US,CN,,derivatives,,32.0,Asian,4.0,derivatives
1235,2009,Manis spp.,US,GH,,meat,kg,2.454,African,1.0,consumption
1236,2009,Manis spp.,US,HK,XX,derivatives,,52.0,Asian,6.0,derivatives
1237,2009,Manis spp.,US,LA,,scales,,8.0,Asian,5.0,skins
1239,2009,Manis spp.,US,TH,XX,scales,kg,0.13,Asian,1.0,skins
1240,2009,Manis spp.,US,UG,XX,scales,,50.0,African,28.0,skins
1241,2009,Manis spp.,US,VN,,derivatives,,15.0,Asian,2.0,derivatives
1242,2009,Manis spp.,US,XX,,derivatives,,24.0,Other,3.0,derivatives
1243,2009,Manis culionensis,US,PH,,specimens,,6.0,Asian,6.0,whole
1244,2009,Manis javanica,AU,VN,,specimens,ml,1200.0,Asian,1.0,whole
1245,2009,Manis javanica,CN,SG,MY,scales,kg,1000.0,Asian,1021.0,skins
1246,2009,Manis pentadactyla,DE,TW,,live,,1.0,Asian,1.0,whole
1247,2009,Manis pentadactyla,US,CN,,derivatives,,180.0,Asian,50.0,derivatives
1248,2009,Manis pentadactyla,US,LA,XX,derivatives,,480.0,Asian,134.0,derivatives
1249,2009,Manis pentadactyla,US,VN,CN,derivatives,,5660.0,Asian,1573.0,derivatives
1250,2009,Manis pentadactyla,US,VN,CN,derivatives,,10.0,Asian,3.0,derivatives
1251,2009,Manis pentadactyla,US,VN,XX,derivatives,,10600.0,Asian,2945.0,derivatives
1252,2009,Manis pentadactyla,US,VN,XX,scales,kg,0.409,Asian,1.0,skins
1253,2009,Manis pentadactyla,US,VN,,derivatives,,2053.0,Asian,571.0,derivatives
1254,2009,Manis temminckii,GE,TZ,,live,,1.0,African,1.0,whole
1255,2009,Manis temminckii,NZ,ZA,,bodies,,1.0,African,1.0,whole
1256,2009,Manis temminckii,US,ZA,,specimens,kg,0.1,African,1.0,whole
1257,2009,Manis temminckii,US,ZA,,specimens,,2.0,African,2.0,whole
1259,2009,Manis tricuspis,JP,CM,,live,,4.0,African,4.0,whole
1260,2009,Manis tricuspis,KR,NG,,live,,10.0,African,10.0,whole
1261,2010,Manis spp.,CN,SG,MY,scales,kg,500.0,Asian,275.0,skins
1262,2010,Manis spp.,NZ,CN,,derivatives,,1184.0,Asian,131.0,derivatives
1263,2010,Manis spp.,NZ,CN,,derivatives,,5.0,Asian,1.0,derivatives
1264,2010,Manis spp.,NZ,CN,,powder,g,14.0,Asian,1.0,h
1265,2010,Manis spp.,US,CI,,skins,,1.0,African,1.0,skins
1266,2010,Manis spp.,US,CM,,bodies,,3.0,African,3.0,whole
1267,2010,Manis spp.,US,CN,XX,derivatives,kg,2.0,Asian,1.0,derivatives
1268,2010,Manis spp.,US,CN,XX,derivatives,,40.0,Asian,5.0,derivatives
1269,2010,Manis spp.,US,CN,XX,derivatives,,465.0,Asian,52.0,derivatives
1270,2010,Manis spp.,US,CN,,derivatives,,4.0,Asian,1.0,derivatives
1271,2010,Manis spp.,US,LA,,claws,,1.0,Asian,1.0,derivatives
1272,2010,Manis spp.,US,LA,,tails,,1.0,Asian,1.0,derivatives
1273,2010,Manis spp.,US,LA,,unspecified,,1.0,Asian,1.0,derivatives
1274,2010,Manis spp.,US,LR,LI,meat,,4.0,African,2.0,consumption
1276,2010,Manis spp.,US,VN,XX,derivatives,,5.0,Asian,1.0,derivatives
1277,2010,Manis spp.,US,VN,,derivatives,,136.0,Asian,15.0,derivatives
1278,2010,Manis spp.,US,VN,,derivatives,,12.0,Asian,2.0,derivatives
1279,2010,Manis gigantea,NZ,CN,,derivatives,g,175.0,African,1.0,derivatives
1280,2010,Manis javanica,CN,SG,MY,scales,kg,1000.0,Asian,1021.0,skins
1281,2010,Manis javanica,CZ,SG,XX,specimens,,18.0,Asian,18.0,whole
1282,2010,Manis javanica,SG,JP,MY,leather products (small),,1.0,Asian,1.0,skins
1283,2010,Manis pentadactyla,KR,CN,,specimens,,1.0,Asian,1.0,whole
1284,2010,Manis pentadactyla,MX,LA,,skins,,1000.0,Asian,1000.0,skins
1285,2010,Manis pentadactyla,US,CN,,derivatives,g,10.0,Asian,1.0,derivatives
1286,2010,Manis pentadactyla,US,CN,,scales,,12.0,Asian,17.0,skins
1287,2010,Manis pentadactyla,US,ID,,derivatives,,1.0,Asian,1.0,derivatives
1288,2010,Manis pentadactyla,US,VN,CN,derivatives,,380.0,Asian,106.0,derivatives
1289,2010,Manis pentadactyla,US,VN,XX,derivatives,,1600.0,Asian,445.0,derivatives
1290,2010,Manis pentadactyla,US,VN,,derivatives,g,600.0,Asian,1.0,derivatives
1291,2010,Manis pentadactyla,US,VN,,derivatives,kg,1.0,Asian,1.0,derivatives
1292,2010,Manis pentadactyla,US,VN,,derivatives,,3160.0,Asian,878.0,derivatives
1293,2010,Manis temminckii,NZ,ZA,,bodies,,1.0,African,1.0,whole
1294,2010,Manis tetradactyla,ZA,GH,,specimens,ml,1.0,African,1.0,whole
1295,2010,Manis tetradactyla,ZA,GH,,specimens,,3.0,African,3.0,whole
1296,2010,Manis tricuspis,AE,BJ,,live,,2.0,African,2.0,whole
1298,2011,Manis spp.,US,CI,,meat,g,428.0,African,1.0,consumption
1299,2011,Manis spp.,US,CM,,leather products (small),,1.0,African,1.0,skins
1300,2011,Manis spp.,US,CN,CI,derivatives,,25.0,African,3.0,derivatives
1301,2011,Manis spp.,US,CN,XX,derivatives,,23.0,Asian,3.0,derivatives
1302,2011,Manis spp.,US,CN,XX,scales,,1.0,Asian,1.0,skins
1303,2011,Manis spp.,US,CN,,derivatives,,32.0,Asian,4.0,derivatives
1304,2011,Manis spp.,US,CN,,derivatives,,20.0,Asian,3.0,derivatives
1306,2011,Manis spp.,US,LA,,bodies,,1.0,Asian,1.0,whole
1308,2011,Manis spp.,US,TH,GN,skins,,50.0,African,50.0,skins
1309,2011,Manis spp.,US,TH,XX,scales,g,140.0,Asian,1.0,skins
1310,2011,Manis spp.,US,TH,,scales,,1.0,Asian,1.0,skins
1311,2011,Manis spp.,US,VN,XX,derivatives,,8.0,Asian,1.0,derivatives
1312,2011,Manis spp.,US,ZA,XX,scales,,1.0,African,1.0,skins
1313,2011,Manis gigantea,JP,TG,,live,,10.0,African,10.0,whole
1314,2011,Manis gigantea,TH,TG,,scales,kg,50.0,African,8.0,skins
1315,2011,Manis gigantea,TH,TG,,scales,,20.0,African,4.0,skins
1316,2011,Manis gigantea,TH,TG,,skins,,10.0,African,10.0,skins
1317,2011,Manis javanica,SG,MY,,bodies,,1.0,Asian,1.0,whole
1318,2011,Manis javanica,US,TH,,derivatives,,2.0,Asian,1.0,derivatives
1320,2011,Manis pentadactyla,CN,XX,,specimens,,1.0,Asian,1.0,whole
1322,2011,Manis pentadactyla,US,LA,XX,derivatives,,40.0,Asian,12.0,derivatives
1323,2011,Manis temminckii,US,ZA,,specimens,,1.0,African,1.0,whole
1324,2011,Manis tetradactyla,FR,CM,,skins,,2.0,African,2.0,skins
1325,2011,Manis tricuspis,AE,BJ,,live,,2.0,African,2.0,whole
1326,2011,Manis tricuspis,DE,LR,,specimens,,1.0,African,1.0,whole
1327,2011,Manis tricuspis,FR,CM,,skins,,6.0,African,6.0,skins
1328,2011,Manis tricuspis,JP,TG,,live,,12.0,African,12.0,whole
1329,2011,Manis tricuspis,TH,GN,,skins,,250.0,African,250.0,skins
1330,2011,Manis tricuspis,US,CG,,skins,,1.0,African,1.0,skins
1332,2011,Manis tricuspis,US,TH,GN,skin pieces,,50.0,African,167.0,skins
1334,2012,Manis spp.,US,CN,XX,medicine,,2.0,Asian,2.0,h
1335,2012,Manis spp.,US,CN,XX,medicine,,30.0,Asian,30.0,h
1336,2012,Manis spp.,US,CN,XX,scales,,225.0,Asian,124.0,skins
1337,2012,Manis spp.,US,CN,,medicine,,55.0,Asian,55.0,h
1338,2012,Manis spp.,US,CN,,scales,g,454.0,Asian,1.0,skins
1339,2012,Manis spp.,US,GQ,,bodies,,1.0,African,1.0,whole
1340,2012,Manis spp.,US,LA,,scales,,16.0,Asian,9.0,skins
1342,2012,Manis spp.,US,TH,XX,scales,,6.0,Asian,4.0,skins
1343,2012,Manis spp.,US,VN,,medicine,,53.0,Asian,53.0,h
1345,2012,Manis gigantea,ES,TG,,live,,5.0,African,5.0,whole
1346,2012,Manis gigantea,GB,GA,,scales,kg,0.14,African,1.0,skins
1347,2012,Manis gigantea,GB,GA,,scales,,7.0,African,2.0,skins
1348,2012,Manis gigantea,JP,TG,,live,,3.0,African,3.0,whole
1349,2012,Manis gigantea,LA,TG,,live,,50.0,African,50.0,whole
1350,2012,Manis gigantea,TH,TG,,scales,kg,135.0,African,21.0,skins
1351,2012,Manis gigantea,TH,TG,,scales,,45.0,African,7.0,skins
1352,2012,Manis gigantea,VN,UG,,scales,kg,70.0,African,11.0,skins
1353,2012,Manis javanica,CN,SG,MY,scales,kg,800.0,Asian,817.0,skins
1357,2012,Manis javanica,GB,KH,,bodies,,6.0,Asian,6.0,whole
1358,2012,Manis javanica,SG,MY,,bodies,,1.0,Asian,1.0,whole
1359,2012,Manis javanica,US,SG,ID,specimens,,3.0,Asian,3.0,whole
1360,2012,Manis javanica,US,SG,MY,specimens,,1.0,Asian,1.0,whole
1361,2012,Manis javanica,US,SG,TH,specimens,,1.0,Asian,1.0,whole
1362,2012,Manis javanica,US,SG,,specimens,,6.0,Asian,6.0,whole
1364,2012,Manis pentadactyla,JP,TW,,live,,2.0,Asian,2.0,whole
1365,2012,Manis pentadactyla,US,VN,CN,medicine,g,1466.0,Asian,1.0,h
1366,2012,Manis pentadactyla,US,VN,CN,medicine,,190.0,Asian,190.0,h
1367,2012,Manis pentadactyla,US,VN,XX,medicine,,1.0,Asian,1.0,h
1368,2012,Manis pentadactyla,US,VN,,medicine,,10.0,Asian,10.0,h
1369,2012,Manis temminckii,US,ZA,,specimens,,1.0,African,1.0,whole
1370,2012,Manis tetradactyla,JP,TG,,live,,3.0,African,3.0,whole
1371,2012,Manis tricuspis,JP,TG,,live,,3.0,African,3.0,whole
1372,2012,Manis tricuspis,LA,TG,,live,,250.0,African,250.0,whole
1373,2012,Manis tricuspis,VN,TG,,live,,200.0,African,200.0,whole
1377,2013,Manis spp.,US,CN,XX,medicine,,8.0,Asian,8.0,h
1378,2013,Manis spp.,US,CN,XX,scales,,155.0,Asian,86.0,skins
1379,2013,Manis spp.,US,CN,,medicine,,5.0,Asian,5.0,h
1380,2013,Manis spp.,US,HK,XX,scales,g,737.0,Asian,1.0,skins
1381,2013,Manis spp.,US,LA,XX,skin pieces,,5.0,Asian,3.0,skins
1382,2013,Manis spp.,US,TH,XX,scales,g,25.0,Asian,1.0,skins
1383,2013,Manis spp.,US,VN,XX,medicine,,24.0,Asian,24.0,h
1384,2013,Manis spp.,US,VN,,medicine,,129.0,Asian,129.0,h
1385,2013,Manis gigantea,CN,TG,XX,scales,kg,30.0,African,5.0,skins
1387,2013,Manis gigantea,MX,TH,TG,skin pieces,,10.0,African,2.0,skins
1389,2013,Manis gigantea,TH,TG,XX,scales,kg,80.0,African,13.0,skins
1390,2013,Manis gigantea,TH,TG,,skin pieces,,51.0,African,8.0,skins
1391,2013,Manis gigantea,US,LR,,trophies,,1.0,African,1.0,trophy
1392,2013,Manis gigantea,US,TG,XX,skins,,50.0,African,50.0,skins
1393,2013,Manis gigantea,US,TG,,skins,,225.0,African,225.0,skins
1394,2013,Manis gigantea,VN,UG,,scales,kg,70.0,African,11.0,skins
1395,2013,Manis javanica,GB,MY,,specimens,ml,0.3,Asian,1.0,whole
1397,2013,Manis javanica,HK,MY,,specimens,,11.0,Asian,11.0,whole
1404,2013,Manis temminckii,US,ZA,,specimens,,10.0,African,10.0,whole
1405,2013,Manis tetradactyla,ES,TG,,live,,5.0,African,5.0,whole
1406,2013,Manis tetradactyla,US,CD,,specimens,,5.0,African,5.0,whole
1407,2013,Manis tricuspis,ES,TG,,live,,5.0,African,5.0,whole
1408,2013,Manis tricuspis,FR,GH,,specimens,,2.0,African,2.0,whole
1409,2013,Manis tricuspis,HK,TG,,scales,kg,30.0,African,100.0,skins
1410,2013,Manis tricuspis,JP,TG,,live,,10.0,African,10.0,whole
1412,2013,Manis tricuspis,MX,TH,GN,skin pieces,,100.0,African,334.0,skins
1413,2013,Manis tricuspis,NL,TG,,live,,4.0,African,4.0,whole
1414,2013,Manis tricuspis,OM,TH,GN,skin pieces,,100.0,African,334.0,skins
1415,2013,Manis tricuspis,US,CD,,specimens,,1.0,African,1.0,whole
1416,2013,Manis tricuspis,US,LR,,trophies,,1.0,African,1.0,trophy
1417,2013,Manis tricuspis,US,TG,,live,,2.0,African,2.0,whole
1419,2014,Manis spp.,US,BJ,,live,,10.0,African,10.0,whole
1421,2014,Manis spp.,US,CM,,meat,,3.0,African,2.0,consumption
1422,2014,Manis spp.,US,CN,XX,medicine,,133.0,Asian,133.0,h
1423,2014,Manis spp.,US,CN,,medicine,,4.0,Asian,4.0,h
1425,2014,Manis spp.,US,TH,XX,scales,,1.0,Asian,1.0,skins
1426,2014,Manis spp.,US,VN,XX,medicine,,161.0,Asian,161.0,h
1427,2014,Manis spp.,US,VN,XX,medicine,,36.0,Asian,36.0,h
1438,2014,Manis gigantea,CN,UG,,scales,kg,3211.0,African,487.0,skins
1439,2014,Manis gigantea,DE,LR,,scales,,1.0,African,1.0,skins
1442,2014,Manis gigantea,MY,UG,,scales,kg,99.0,African,15.0,skins
1443,2014,Manis gigantea,US,LR,,trophies,,1.0,African,1.0,trophy
1445,2014,Manis gigantea,US,TG,XX,skins,,200.0,African,200.0,skins
1460,2014,Manis pentadactyla,SG,HK,,specimens,,10.0,Asian,10.0,whole
1461,2014,Manis pentadactyla,US,CN,XX,medicine,g,11443.0,Asian,4.0,h
1462,2014,Manis pentadactyla,US,VN,XX,medicine,,60.0,Asian,60.0,h
1465,2014,Manis temminckii,CN,ZA,,bodies,,2.0,African,2.0,whole
1466,2014,Manis temminckii,CN,ZA,,trophies,,1.0,African,1.0,trophy
1470,2014,Manis temminckii,ZA,,,scales,,15.0,African,7.0,skins
1473,2014,Manis tetradactyla,DE,CI,,specimens,,1.0,African,1.0,whole
1479,2014,Manis tricuspis,CN,CD,,scales,kg,750.0,African,2500.0,skins
1480,2014,Manis tricuspis,CN,TG,,live,,10.0,African,10.0,whole
1481,2014,Manis tricuspis,DE,CI,,specimens,,3.0,African,3.0,whole
1482,2014,Manis tricuspis,DE,LR,,scales,,4.0,African,14.0,skins
1483,2014,Manis tricuspis,DE,LR,,specimens,,1.0,African,1.0,whole
1489,2014,Manis tricuspis,JP,TG,,live,,10.0,African,10.0,whole
1490,2014,Manis tricuspis,MY,TG,,live,,6.0,African,6.0,whole
1491,2014,Manis tricuspis,OM,TG,,live,,10.0,African,10.0,whole
1492,2014,Manis tricuspis,US,LR,,trophies,,1.0,African,1.0,trophy
1493,2014,Manis tricuspis,US,TG,,live,,17.0,African,17.0,whole
1494,2014,Manis tricuspis,ZA,NG,,specimens,,1.0,African,1.0,whole
1495,2014,Manis tricuspis,ZA,NG,,specimens,,20.0,African,20.0,whole
1496,2015,Manis spp.,CN,CD,,scales,kg,750.0,African,413.0,skins
1497,2015,Manis spp.,US,CM,,bodies,,1.0,African,1.0,whole
1498,2015,Manis spp.,US,CN,XX,medicine,,1.0,Asian,1.0,h
1499,2015,Manis spp.,US,CN,,medicine,,2.0,Asian,2.0,h
1500,2015,Manis spp.,US,CN,,medicine,,148.0,Asian,148.0,h
1501,2015,Manis spp.,US,ID,,medicine,,48.0,Asian,48.0,h
1503,2015,Manis spp.,US,VN,CN,medicine,,30.0,Asian,30.0,h
1504,2015,Manis spp.,US,VN,,medicine,,30.0,Asian,30.0,h
1505,2015,Manis spp.,US,VN,,medicine,,29.0,Asian,29.0,h
1507,2015,Manis spp.,ZA,HK,,scales,kg,27.882,Asian,16.0,skins
1511,2015,Manis gigantea,CN,NG,,live,,100.0,African,100.0,whole
1515,2015,Manis javanica,US,SG,,specimens,,3.0,Asian,3.0,whole
1517,2015,Manis pentadactyla,US,CN,XX,medicine,,16.0,Asian,16.0,h
1520,2015,Manis tetradactyla,CN,NG,,live,,200.0,African,200.0,whole
1521,2015,Manis tetradactyla,CZ,TG,,live,,5.0,African,5.0,whole
1522,2015,Manis tetradactyla,FR,CI,,specimens,ml,65.0,African,1.0,whole
1523,2015,Manis tetradactyla,FR,CI,,specimens,,13.0,African,13.0,whole
1525,2015,Manis tetradactyla,ZA,CF,,scales,,6.0,African,12.0,skins
1527,2015,Manis tricuspis,CN,CD,,scales,kg,200.0,African,667.0,skins
1528,2015,Manis tricuspis,CN,CG,,scales,kg,1000.0,African,3334.0,skins
1529,2015,Manis tricuspis,CN,NG,,live,,200.0,African,200.0,whole
1530,2015,Manis tricuspis,DE,CI,,specimens,,10.0,African,10.0,whole
1531,2015,Manis tricuspis,FR,CI,,specimens,ml,10.0,African,1.0,whole
1532,2015,Manis tricuspis,FR,CI,,specimens,,2.0,African,2.0,whole
1533,2015,Manis tricuspis,JP,TG,,live,,5.0,African,5.0,whole
1534,2015,Manis tricuspis,US,TG,,live,,22.0,African,22.0,whole
1535,2015,Manis tricuspis,ZA,CF,,scales,,276.0,African,920.0,skins
1536,2015,Manis tricuspis,ZA,CF,,skin pieces,,3.0,African,10.0,skins
1537,2015,Manis tricuspis,ZA,CF,,specimens,,6.0,African,6.0,whole
1540,2016,Manis spp.,DE,CI,,scales,g,40.0,African,1.0,skins
1541,2016,Manis spp.,DE,CI,,specimens,,2.0,African,2.0,whole
1544,2016,Manis spp.,US,CN,XX,medicine,,7.0,Asian,7.0,h
1545,2016,Manis spp.,US,CN,,medicine,,15.0,Asian,15.0,h
1549,2016,Manis spp.,US,VN,,scales,g,454.0,Asian,1.0,skins
1550,2016,Manis gigantea,CN,UG,,scales,kg,1000.0,African,152.0,skins
1551,2016,Manis gigantea,CN,UG,,skins,kg,3000.0,African,455.0,skins
1552,2016,Manis gigantea,FR,GA,,scales,,29.0,African,5.0,skins
1553,2016,Manis gigantea,HK,BI,,scales,kg,6521.0,African,989.0,skins
1554,2016,Manis gigantea,LA,UG,,scales,kg,99.0,African,15.0,skins
1555,2016,Manis gigantea,TZ,ZA,,scales,g,500.0,African,1.0,skins
1556,2016,Manis javanica,US,SG,,specimens,,2.0,Asian,2.0,whole
1557,2016,Manis pentadactyla,DE,TW,,live,,2.0,Asian,2.0,whole
1558,2016,Manis pentadactyla,KP,CN,,bodies,,1.0,Asian,1.0,whole
1559,2016,Manis pentadactyla,US,TH,XX,medicine,,80.0,Asian,80.0,h
1561,2016,Manis temminckii,TZ,ZA,,scales,g,500.0,African,1.0,skins
1562,2016,Manis tetradactyla,CZ,BJ,,live,,1.0,African,1.0,whole
1563,2016,Manis tetradactyla,TZ,ZA,,scales,g,500.0,African,1.0,skins
1564,2016,Manis tricuspis,CN,CG,,scales,kg,500.0,African,1667.0,skins
1565,2016,Manis tricuspis,FR,GA,,scales,,53.0,African,177.0,skins
1566,2016,Manis tricuspis,GB,BJ,,live,,11.0,African,11.0,whole
1567,2016,Manis tricuspis,JP,TG,,live,,5.0,African,5.0,whole
1568,2016,Manis tricuspis,TZ,ZA,,scales,g,500.0,African,2.0,skins
1570,2016,Manis tricuspis,US,LR,,skins,,1.0,African,1.0,skins
1571,2016,Manis tricuspis,US,TG,,live,,51.0,African,51.0,whole
1572,2016,Manis tricuspis,US,TG,,live,,46.0,African,46.0,whole
1573,2016,Manis tricuspis,ZA,NG,,specimens,,8.0,African,8.0,whole
1574,2017,Manidae spp.,ZA,HK,,scales,kg,14.8,Asian,9.0,skins
1575,2017,Manis spp.,US,CN,XX,medicine,,16.0,Asian,16.0,h
1576,2017,Manis spp.,US,CN,,medicine,,1.0,Asian,1.0,h
1578,2017,Manis spp.,US,KH,,scales,kg,1.0,Asian,1.0,skins
1579,2017,Manis spp.,US,LR,,bodies,,1.0,African,1.0,whole
1583,2017,Manis spp.,US,NG,,meat,,2.0,African,1.0,consumption
1584,2017,Manis spp.,US,TG,,meat,,8.0,African,3.0,consumption
1585,2017,Manis spp.,US,VN,,medicine,,1440.0,Asian,1440.0,h
1586,2017,Manis spp.,US,XX,XX,medicine,,5.0,Other,5.0,h
1587,2017,Manis spp.,ZA,BW,,specimens,,1.0,African,1.0,whole
1588,2017,Manis spp.,ZA,HK,,scales,kg,12.8,Asian,8.0,skins
1590,2017,Manis javanica,GB,SG,XX,specimens,g,1547.0,Asian,1.0,whole
1591,2017,Manis javanica,GB,SG,,specimens,g,145.0,Asian,1.0,whole
1593,2017,Manis pentadactyla,US,VN,XX,medicine,,24.0,Asian,24.0,h
1595,2017,Manis tetradactyla,DE,CI,,scales,g,10.0,African,1.0,skins
1601,2017,Manis spp.,ZA,BW,,specimens,,1.0,African,1.0,whole
1602,2017,Manis gigantea,HK,BI,,scales,kg,7705.7,African,1168.0,skins
1604,2017,Manis temminckii,CD,ZA,,live,,1.0,African,1.0,whole
1605,2017,Manis tricuspis,CN,CG,,scales,kg,5000.0,African,16667.0,skins
1609,2018,Manis spp.,US,CN,XX,medicine,,7.0,Asian,7.0,h
1610,2018,Manis spp.,US,CN,XX,medicine,,23.0,Asian,23.0,h
1611,2018,Manis spp.,US,CN,,fur product (small),,60.0,Asian,0.0,skins
1612,2018,Manis spp.,US,HK,XX,medicine,,24.0,Asian,24.0,h
1613,2018,Manis spp.,US,LA,,scales,kg,0.008,Asian,1.0,skins
1615,2018,Manis spp.,US,TH,,scales,kg,2.0,Asian,2.0,skins
1616,2018,Manis spp.,US,VN,,medicine,ml,1980.0,Asian,1.0,h
1617,2018,Manis spp.,US,VN,,medicine,,583.0,Asian,583.0,h
1618,2018,Manis spp.,US,VN,,medicine,,20.0,Asian,20.0,h
1619,2018,Manis gigantea,CZ,CG,,scales,,20.0,African,4.0,skins
1621,2018,Manis gigantea,CZ,CG,,specimens,,60.0,African,60.0,whole
1622,2018,Manis gigantea,MY,ZA,,specimens,ml,1.0,African,1.0,whole
1627,2018,Manis pentadactyla,US,CN,,medicine,,1.0,Asian,1.0,h
1629,2018,Manis pentadactyla,US,VN,,medicine,,1985.0,Asian,1985.0,h
1630,2018,Manis temminckii,MY,ZA,,specimens,ml,1.0,African,1.0,whole
1631,2018,Manis temminckii,TZ,ZA,,scales,,4.0,African,2.0,skins
1632,2018,Manis temminckii,ZA,SZ,,specimens,,7.0,African,7.0,whole
1633,2018,Manis tetradactyla,CZ,CG,,scales,,10.0,African,19.0,skins
1634,2018,Manis tetradactyla,DE,CF,,specimens,,458.0,African,458.0,whole
1635,2018,Manis tetradactyla,MY,ZA,,specimens,ml,1.0,African,1.0,whole
1637,2018,Manis tricuspis,CZ,CG,,scales,,50.0,African,167.0,skins
1638,2018,Manis tricuspis,CZ,CG,,specimens,,42.0,African,42.0,whole
1639,2018,Manis tricuspis,DE,CF,,specimens,,456.0,African,456.0,whole
1643,2018,Manis tricuspis,MY,ZA,,specimens,ml,1.0,African,1.0,whole
1646,2019,Manidae spp.,CI,SN,,skins,,1.0,African,1.0,skins
1647,2019,Manidae spp.,SN,CI,,scales,kg,1.0,African,1.0,skins
1648,2019,Manis spp.,CN,CM,,specimens,,22.0,African,22.0,whole
1651,2019,Manis spp.,US,HK,XX,medicine,Number of specimens,7.0,Asian,7.0,h
1652,2019,Manis spp.,US,KE,,medicine,g,500.0,African,1.0,h
1654,2019,Manis spp.,US,UG,,scales,kg,1.54,African,1.0,skins
1655,2019,Manis spp.,US,VN,XX,medicine,Number of specimens,21.0,Asian,21.0,h
1656,2019,Manis culionensis,AT,PH,,specimens,,18.0,Asian,18.0,whole
1657,2019,Manis culionensis,AU,PH,,specimens,Number of specimens,20.0,Asian,20.0,whole
1658,2019,Manis gigantea,CN,SG,XX,scales,kg,4.0,African,1.0,skins
1659,2019,Manis gigantea,MY,GA,,specimens,,3.0,African,3.0,whole
1662,2019,Manis pentadactyla,US,VN,,medicine,Number of specimens,4.0,Asian,4.0,h
1663,2019,Manis temminckii,CN,SG,XX,scales,kg,1.0,African,1.0,skins
1664,2019,Manis temminckii,ZA,SZ,,scales,,2.0,African,1.0,skins
1665,2019,Manis tetradactyla,CN,SG,XX,scales,kg,1.0,African,2.0,skins
1666,2019,Manis tetradactyla,DE,CF,,specimens,,450.0,African,450.0,whole
1667,2019,Manis tricuspis,CN,SG,XX,scales,kg,2.0,African,7.0,skins
1668,2019,Manis tricuspis,DE,CF,,specimens,,450.0,African,450.0,whole
1669,2019,Manis tricuspis,DE,CI,,specimens,,5.0,African,5.0,whole
1671,2019,Manis tricuspis,US,GA,,bodies,Number of specimens,1.0,African,1.0,whole
1672,2020,Manis spp.,US,CM,,specimens,Number of specimens,410.0,African,410.0,whole
1673,2020,Manis spp.,US,CN,XX,medicine,Number of specimens,8.0,Asian,8.0,h
1674,2020,Manis spp.,US,CN,XX,medicine,Number of specimens,7.0,Asian,7.0,h
1675,2020,Manis spp.,US,CN,XX,medicine,Number of specimens,110.0,Asian,110.0,h
1677,2020,Manis spp.,US,TH,XX,bodies,Number of specimens,1.0,Asian,1.0,whole
1681,2020,Manis gigantea,US,SG,XX,scales,g,904.0,African,1.0,skins
1682,2020,Manis gigantea,US,SG,XX,scales,Number of specimens,50.0,African,50.0,skins
1693,2020,Manis pentadactyla,US,VN,,medicine,Number of specimens,260.0,Asian,260.0,h
1698,2020,Manis temminckii,US,SG,XX,scales,Number of specimens,2.0,African,2.0,skins
1699,2020,Manis temminckii,ZA,,,live,Number of specimens,1.0,African,1.0,whole
1703,2020,Manis tetradactyla,US,SG,XX,scales,g,13.3,African,1.0,skins
1704,2020,Manis tetradactyla,US,SG,XX,scales,Number of specimens,10.0,African,10.0,skins
1705,2020,Manis tricuspis,FR,BJ,,live,,349.0,African,349.0,whole
1712,2020,Manis tricuspis,US,GA,,scales,Number of specimens,8.0,African,8.0,skins
1713,2020,Manis tricuspis,US,GA,,specimens,Number of specimens,15.0,African,15.0,whole
1714,2020,Manis tricuspis,US,SG,XX,scales,g,8.1,African,1.0,skins
1715,2020,Manis tricuspis,US,SG,XX,scales,Number of specimens,20.0,African,20.0,skins
1716,2021,Manis spp.,US,LR,,meat,Number of specimens,2.0,African,2.0,consumption
1721,2021,Manis gigantea,DE,CI,,specimens,Number of specimens,2.0,African,2.0,whole
1722,2021,Manis javanica,SG,HK,XX,specimens,ml,30.0,Asian,1.0,whole
1723,2021,Manis javanica,US,VN,,unspecified,Number of specimens,71.0,Asian,71.0,derivatives
1724,2021,Manis pentadactyla,US,SG,XX,medicine,Number of specimens,5.0,Asian,5.0,h
1725,2021,Manis pentadactyla,US,VN,,unspecified,Number of specimens,1.0,Asian,1.0,derivatives
1726,2021,Manis temminckii,FR,ZA,,specimens,ml,96.0,African,1.0,whole
1727,2021,Manis temminckii,GB,,,specimens,Number of specimens,59.0,African,59.0,whole
1730,2021,Manis tetradactyla,US,NG,,scales,,4.0,African,8.0,skins
1731,2021,Manis tricuspis,US,CM,,specimens,Number of specimens,120.0,African,120.0,whole
1732,2021,Manis tricuspis,US,GA,,specimens,Number of specimens,21.0,African,21.0,whole
1733,2021,Manis tricuspis,US,HK,XX,specimens,Number of specimens,162.0,African,162.0,whole
1735,2021,Manis tricuspis,US,NG,,specimens,,63.0,African,63.0,whole
1736,2021,Manis tricuspis,US,ZA,XX,specimens,,48.0,African,48.0,whole
1738,2022,Manis spp.,GA,NG,,scales,Number of specimens,400.0,African,400.0,skins
1739,2022,Manis spp.,US,CM,,specimens,,1920.0,African,1920.0,whole
1740,2022,Manis spp.,US,CN,XX,meat,Number of specimens,4.0,Asian,4.0,consumption
1741,2022,Manis spp.,US,CN,XX,medicine,Number of specimens,180.0,Asian,180.0,h
1743,2022,Manis spp.,US,GH,,meat,g,1200.0,African,1.0,consumption
1744,2022,Manis spp.,US,GH,,meat,kg,7.0,African,3.0,consumption
1745,2022,Manis spp.,US,GQ,,meat,kg,7.0,African,3.0,consumption
1746,2022,Manis spp.,US,LA,XX,scales,Number of specimens,20.0,Asian,20.0,skins
1747,2022,Manis spp.,US,LR,,meat,kg,1.0,African,1.0,consumption
1750,2022,Manis gigantea,CZ,CG,,specimens,,5.0,African,5.0,whole
1752,2022,Manis gigantea,ES,CM,,specimens,,3.0,African,3.0,whole
1753,2022,Manis gigantea,FR,GA,,specimens,Number of specimens,163.0,African,163.0,whole
1754,2022,Manis gigantea,US,CF,,scales,Number of specimens,1.0,African,1.0,skins
1755,2022,Manis gigantea,US,CF,,specimens,Number of specimens,2.0,African,2.0,whole
1756,2022,Manis gigantea,US,CM,,specimens,,30.0,African,30.0,whole
1757,2022,Manis javanica,GB,TH,,specimens,g,28.0,Asian,1.0,whole
1758,2022,Manis javanica,GB,TH,,specimens,ml,67.4,Asian,1.0,whole
1759,2022,Manis javanica,HK,MY,,specimens,ml,73.0,Asian,1.0,whole
1761,2022,Manis pentadactyla,CZ,TW,,live,,2.0,Asian,2.0,whole
1763,2022,Manis temminckii,XX,JP,ZM,specimens,ml,2.0,African,1.0,whole
1764,2022,Manis tetradactyla,CZ,CG,,specimens,,12.0,African,12.0,whole
1766,2022,Manis tetradactyla,ES,CM,,specimens,,9.0,African,9.0,whole
1767,2022,Manis tetradactyla,US,CF,,specimens,Number of specimens,20.0,African,20.0,whole
1769,2022,Manis tetradactyla,US,NG,,scales,,4.0,African,8.0,skins
1770,2022,Manis tricuspis,CZ,CG,,specimens,,67.0,African,67.0,whole
1771,2022,Manis tricuspis,US,CF,,specimens,Number of specimens,57.0,African,57.0,whole
1772,2022,Manis tricuspis,US,CM,,scales,Number of specimens,384.0,African,384.0,skins
1774,2022,Manis tricuspis,US,HK,XX,specimens,Number of specimens,494.0,African,494.0,whole
1775,2022,Manis tricuspis,US,NG,,scales,Number of specimens,44.0,African,44.0,skins
1778,2022,Manis tricuspis,US,NG,,specimens,,4.0,African,4.0,whole
1779,2022,Manis tricuspis,XX,JP,ZM,specimens,ml,2.0,African,1.0,whole
1780,2023,Manis temminckii,US,MZ,,scales,,56.0,African,24.0,skins
1781,2023,Manis temminckii,US,MZ,,specimens,,18.0,African,18.0,whole
